,title_pos,content_pos,hash_tag
0,강북 수유 수유역맛집 갈비 맛집 추천 갈비 유점,오늘 강북구 위치 갈비 유점 후기 갈비 유점 서울특별시 강북구 수유로 예약 블로그 체크 장소 갈비 유점 영업 매일 라스트 주차 가능 네이버 예약 가능 오늘 회사 근처 위치 갈비 직장 동료 자주 방문 갈비 맛집 갈비 유점 우이 신설 화계역 수유역 중간 위치 체크 체크 내부 분위기 포장마차 테이블 갈비 먹기 분위기 직원 뭔가 열정 느낌 방문 기분 갈비 유점 메뉴 소금 구이 갈비 간장 양념 갈비 매운 양념 갈비 주먹밥 잔치국수 물냉면 비빔냉면 누룽지 메뉴 아시 맛집 보통 단일 메뉴인 경우 금요일 주말 손님 가득 정도 맛집 모든 양념 소스 육수 직접 정성 단골 비결 갈비 고기 초벌 뼈쪽 정도 먹기 갈비 주문 정도 초벌 추가 주문 미리 미리 계란찜 돼지껍데기 서비스 리필 가능 매일 인분 갈비 준비 때문 진시 마감 실제 방문 재고 소진 조기 마감 처음 갈비 백김치 장아찌 껍데기 콩가루 갈비 양념 소스 껍데기 무제한 주시 갈비 장점 쫄깃 껍데기 콩가루 착착 껍데기 기본 주시 계란찜 라면 계란찜 갈비 무제한 건더기 해장국 바람 요즘 날씨 호호 중간 중간 입맛 느낌 소금 구이 갈비 간장 양념 갈비 도착 갈비 갈비 미리 초벌 뼈쪽 정도 분리 갈비 살이 장갑 비닐 장갑 본격 갈비 먹기 시작 예전 비닐 장갑 먼저 장갑 는걸 장갑 먼저 갈비 비쥬 매운 양념 갈비 양념 소스 매콤한 완성 주먹밥 갈비 동글동글 주먹밥 주문 주먹밥 호호 낳을 마지막 마무리 야구르트 주시 사장 감동 남자친구 야구르트 고자질 수유역 근처 갈비 갈비 유점 방문 적극 추천 갈비 수유역맛집 화계역 맛집 수유맛집 수유역 갈비,와와쪽갈비 수유역맛집 화계역맛집 수유맛집 수유역쪽갈비
1,강북 수유역맛집 갈비 유점,오늘 매일 만석 웨이팅 수유역맛집 갈비 유점 근처 웨이 오늘 방문 감격 갈비 유점 서울특별시 강북구 수유로 예약 블로그 체크 장소 갈비 유점 서울 강북구 수유로 수유역 출구 매일 영업 종료 라스트 포장 예약 단체 이용 가능 배달 주차 가능 내부 테이블 단체 모임 지금 사진 손님 별로 보이 사진 만석 수유고기집 갈비 유점 대표 메뉴 소금 구이 갈비 간장 양념 갈비 매운 양념 갈비 단계 단계 사이드 주먹밥 잔치국수 물냉면 비빔냉면 누룽지 정말 따땃 숯불 미리 예약 세팅 준비 양념장 콩가루 양파 절임 백김치 수유역맛집 갈비 유점 서비스 껍데기 계란찜 해장국 수유역맛집 갈비 유점 가장 매력 계란찜 껍데기 무한 서비스 소리 팬티 주문 수유역 고기 갈비 유점 메인 간장 양념 갈비 매운 양념 갈비 단계 먼저 간장 양념 갈비 수유역맛집 갈비 유점 고기 초벌 정도 돼지껍데기 정말 쏙쏙 껍데기 쫀득쫀득해 이름 양념 완전 구리 갈비 짝꿍 주먹밥 등장 비비고 숟가락 주먹밥 날치 간이 매운 양념 갈비 단계 달달 매콤한 양념 매운 껍데기 갈비 양념 중독 매콤 숯불 직화 구이 전문점 갈비 모든 양념 소스 육수 직접 양념 비법 정말 껍데기 계란찜 매운 양념 갈비 단계 추가 갈비 초벌 정도 미리 추가 주문 매운 양념 갈비 제일 살이 정말 갈비 이유 고기 별로 살이 발라 가게 편견 다시 한번 갈비 유점 수유역맛집 갈비 유점 갈비 매일 정량 준비 판매 소진 조기 마감 사람 갈비 갈비 갈비 유점 정말 항상 만석 이유 이제 가족 갈비 부시 정말 갈비 대박 서비스 무한 수유역 고기 갈비 유점 추천 강북 강북구 수유 수유역 수유동 유리 맛집 고기 밥집 수유역맛집 수유리맛집 수유고기집 수유밥집 수유역밥집 맛집 고기 단체 모임 서비스 친구 연인 커플 가족 외식 회식 추천 갈비 유점,강북 강북구 수유 수유역 수유동 수유리 맛집 고기집 밥집 수유역맛집 수유리맛집 수유고기집 수유밥집 수유역밥집 화계맛집 화계고기집 단체 모임 서비스 친구 연인 커플 가족 외식 회식 추천 와와쪽갈비 수유점
2,수유 갈비 맛집 갈비 유점 방문 후기,수유 갈비 맛집 갈비 유점 방문 후기 가족 외식 갈비 맛집 요즘 수유 갈비 평일 퇴근 갈비 유점 주차 음주 예정 갈비 사장 문의 주차 안내 대한민국 갈비 수유 갈비 갈비 메뉴 원래 웨이팅 정도 수유 갈비 맛집 평일 조기 퇴근 방문 러키 웨이 갈비 매일 인분 판매 재료 소진 갈비 보고 수유 갈비 가장 매력 계란찜 돼지 껍데기 무한 서비스 술안주 안성맞춤 일렬 분위기 주문 기본 갈비 숯불 무한리필 돼지껍데기 먼저 안주 갈비 돼지껍데기 안주 콩가루 듬뿍 쫄깃 쫄깃 소금 갈비 인분 매운 양념 갈비 인분 주문 갈비 초벌 주문 정도 소요 무한리필 계란찜 해장국 계란찜 때문 갈비 폭신 부들부들 갈비 궁합 반찬 서비스 나오니 아주 상이 수유 갈비 주먹밥 사진 군침 또르르 이제 갈비 소금 구이 매운 양념 초벌 정도 살짝 갈비 셀프 주먹밥 불판 노릇 노릇 그냥 양념 꼬치 먹기 취향 저격 갈비 유점 소금 단백 갈비 특유 본연 양념 갈비 매콤하니 입맛 자극 정말 계속 중간 중간 서비스 해장국 계란찜 페어리 쭉쭉 갈비 가면 계란찜 리필 번은 필수 식사 대중교통 타고 가야 섬유 탈취 비치 걱정 입가심 요구르트 만족도 갈비 유점 서울특별시 강북구 수유로 예약 블로그 체크 장소,
3,계란찜 돼지껍데기 무한리필 수유 갈비 맛집 갈비 유점,주말 수유 방문 정말 갈비 발견 갈비 유점 방문 손님 가격 메뉴 갈비 대기 판이 대기 기본 반찬 먼저 갈비 유점 메뉴 갈비 계란찜 돼지껍데기 서비스 대박 갈비 방법 단체 예약 자리 장갑 목장 비닐 장갑 숯불 돼지껍데기 해장국 계란찜 계란찜 진짜 계란찜 돼지껍데기 무한리필 수유 갈비 맛집 갈비 재생 계란찜 돼지껍데기 무한리필 수유 갈비 맛집 갈비 국도 먹기 건더기 돼지껍데기 먼저 주문 날치 주먹밥 간장 갈비 양념 갈비 인분 초벌 돼지껍데기 갈비 껍데기 진짜 쫀득 계란찜 돼지껍데기 무한리필 수유 갈비 맛집 갈비 재생 계란찜 돼지껍데기 무한리필 수유 갈비 맛집 갈비 콩가루 진짜 갈비 계란찜 돼지껍데기 무한리필 수유 갈비 맛집 갈비 재생 계란찜 돼지껍데기 무한리필 수유 갈비 맛집 갈비 고기 손질 먹기 개인 양념 계란찜 돼지껍데기 무한리필 수유 갈비 맛집 갈비 재생 계란찜 돼지껍데기 무한리필 수유 갈비 맛집 갈비 먹기 갈비 양념 단계 진짜 잔치국수 냉면 양도 갈비 일요일 저녁 방문 일요일 저녁 사람 방문 진짜 갈비 유점 수유 갈비 수유역 갈비 강북구 갈비 수유 동쪽 갈비 수유 회식 수유역 회식 강북구 회식 수유동 회식 수유역맛집 수유리맛집 수유고기집 수유밥집 수유역밥집 수유 갈비 수유역 갈비 갈비 유점 강북구 갈비 강북 갈비 수유 고기 맛집 수유 갈비 맛집 수유고기집 추천 수유 고깃집 추천,와와쪽갈비수유점 수유쪽갈비 수유역쪽갈비 강북구쪽갈비 수유동쪽갈비 수유회식 수유역회식 강북구회식 수유동회식 수유역맛집 수유리맛집 수유고기집 수유밥집 수유역밥집 수유와와쪽갈비 수유역와와쪽갈비 와와쪽갈비수유점 강북구와와쪽갈비 강북와와쪽갈비 수유고기맛집 수유쪽갈비맛집 수유고기집추천 수유고깃집추천
4,수유역 화계역 낮술 갈비 맛집 갈비 돼지껍데기 무한리필,갈비 수유 갈비 맛집 강북 갈비 맛집 수유 갈비 수유역 갈비 강북구 갈비 우동 갈비 수유 회식 수유역 회식 강북구 회식 수유동 회식 우이동 맛집 우이 동쪽 갈비 맛집 우이동 저녁 화계역 갈비 맛집 화계역 맛집 짜장 오늘 수유역 맛집 갈비 후기 고합 창동역 수유역 우이동 마음 창동 맛집 호평 숯불 직화 구이 초벌 금방 냄새 베일 수유역 맛집 갈비 후기 갈비 유점 상호 갈비 유점 주소 서울 강북구 수유로 영업 매일 전화번호 포장 단체 주차 오픈 수유역 화계역 낮술 식당 갈비 유점 서울특별시 강북구 수유로 예약 블로그 체크 장소 수유역 출구 도보 위치 자주 거리 추억 길이 가게 소개 주차 카운터 문의 주차장 자리 외관 사람 식당 정감 테이블 보유 숯불 화구 갈비 갈비 유점 네이버 방문자 리뷰 블로그 리뷰 예약 예약 방문 메뉴 소개 짜장 간장 양념 주먹밥 콜라 맥주 갈비 냄새 음식 소개 기본 구성 기본 껍데기 양파 절임 백김치 소스 계란찜 서비스 한잔 콩나물국 기절 구성 수유역 화계역 사시 고기 껍데기 먼저 맥주 콩가루 야들야들 쫀득쫀득 리필 진짜 도리 간장 양념 살이 오늘 주인공 등장 고해 정렬 사이 장갑 준비 완료 완전 갈비 소스 간장 짭쪼름한 입맛 진짜 양념 정도 이분 가능 주먹밥 궁합 최고 낮술 주먹밥 비주 듬뿍 가루 듬뿍 날치 듬뿍 기분 공기 주먹 주먹 비주 절반 무조건 소스 간장 갈비 양념 갈비 짜장 갈비 창동 맛집 정도 수유역 화계역 맛집 초벌 주차 서비스 수유 회식 수유역 회식 화계역 회식 장소 수유역 낮술 수유 낮술 낮술 화계역 낮술 수유리맛집 갈비 유점 수유역맛집 화계역 맛집 수유역 특수 부위 고기 수유역 고기 수유 회식 수유 저녁 수유맛집 수유 데이트,와와쪽갈비 수유쪽갈비맛집 강북쪽갈비맛집 수유쪽갈비 수유역쪽갈비 강북구쪽갈비 수우동쪽갈비 수유회식 수유역회식 강북구회식 수유동회식 우이동맛집 우이동쪽갈비맛집 우이동저녁 화계역쪽갈비맛집 화계역맛집 수유회식 수유역회식 화계역회식 수유역낮술 수유낮술 화계낮술 화계역낮술 수유리맛집 와와쪽갈비수유점 수유역맛집 화계역맛집 수유역특수부위고기집 수유역고기집 수유회식 수유저녁 수유맛집 수유데이트
5,수유역 맛집 갈비 유점,갈비 간혹 곳도 오늘 수유역 맛집 양도 강력 추천 갈비 소개 가게 외관 수유역 맛집 갈비 수유역 출구 도보 도착 맛집 랍니 화계역 가게 초벌 모습 군침 아아 가게 내부 가게 초벌 갈비 손질 모습 냄새 후각 자극 내부 외부 좌석 준비 한참 저녁 방문 수유역 갈비 맛집 사람 맛집 식사 시작 한쪽 스프레이 충전기 준비 매일 인분 준비 판매 방문 법도 크게 벽면 메뉴판 갈비 전문점 단일 메뉴 소금 간장 양념 단계 별로 준비 후식 먹기 사이드 메뉴 준비 주문 메뉴 가격 간장 갈비 인분 양념 단계 인분 주먹밥 주문 메뉴 후기 먼저 먼저 양념장 백김치 장아찌 준비 녀석 고기 반찬 시원 우거지 먼저 녀석 진짜 한지 공기 녀석 공기 뚝딱 갈비 초벌 먹기 돼지 껍데기 계란찜 인원 준비 정말 정도 깜짝 사장 가요 추가 주문 주먹밥 공기 초벌 고기 쫀득 돼지 껍데기 콩가루 돼지 껍데기 고소 쫀득 결코 초벌 갈비 간장 인분 양념 단계 인분 갈비 살이 별로 생각 계시 사실 갈비 살이 생각 한적 수유역 맛집 갈비 유점 그동안 편견 완전 트리 보이시 통통 살코기 가족 이서 인분 숯불 장갑 간장 감칠맛 매운 단계 절대 매콤한 소스 계속 매운 먹기 마지막 후식 주신 요구르트 식사 방문 갈비 편견 완전 수유역 맛집 갈비 재미 고기 양념 준비 질리 사장 알바생 서비스 식사 갈비 유점 추천 위치 정보 갈비 유점 서울특별시 강북구 수유로 예약 블로그 체크 장소 운영 안내 상호 갈비 유점 서울시 강북구 수유로 영업 매일 휴무 전화번호 예약 단체 이용 포장 배달 주차,
6,수유역맛집 갈비 숯불 직화 구이 맛집,요즘 갈비 갈비 맛집 숯불 직화 구이 초벌 방문 수유역 맛집 갈비 유점 리뷰 갈비 유점 영업 매일 전화번호 갈비 유점 외관 도착 냄새 솔솔 보기 침샘 폭발 갈비 유점 수유역 출구 거리 위치 위치 포스팅 아래 지도 참고 갈비 메뉴판 소금 구이 간장 양념 매콤한 매운 양념 추천 사이드 주먹밥 잔치국수 왕왕 추천 초벌 정도 소요 불판 아래 정도 가끔 두툼 살코기 살짝 밑반찬 매운 양념 콩가루 돼지껍데기 백김치 양파 장아찌 계란찜 찌개 찌개 소고기 국밥 선지 해장국 계란찜 무한리필 초벌 돼지껍데기 금방 돼지껍데기 무한리필 돼지껍데기 양념 쫀득 달달 콩가루 계속 매운 양념 갈비 단계 매운 보통 살이 한쪽 마련 갈비 유점 갈빗대 양쪽 살코기 참숯 먼저 초벌 육즙 가득 살이 쫄깃 양념 입맛 매콤 정도 물리 양념 매운 양념 갈비 완전 강력 추천 주먹밥 공기 양으로 주먹밥 정도 날치 단무지 가루 참기름 주먹밥 정석 소주 맥주 음식 주류 필수 아래 재미 맥주잔 후식 요구르트 갈비 유점 숯불 초벌 육즙 가득 쫄깃 갈비 맛집 추천 연말 회식 데이트 가족 외식 갈비 유점 갈비 유점 위치 갈비 유점 서울특별시 강북구 수유로 예약 블로그 체크 장소,
7,수유역맛집 로컬 맛집 갈비 유점,갈비 유점 서울 강북구 수유로 매일 라스트 주차 포장 예약 단체 이용 가능 배달 갈비 유점 서울특별시 강북구 수유로 예약 블로그 체크 장소 오늘 갈비 갈비 수유고기집 동네 맛집 동네 친구 예정 지하철 이용 수유역 출구 도보 거리 접근성 월요일 퇴근 손님 주말 방문 만석 매장 진짜 테이블 끼리 간격 회식 장소 추천 실제 회식 대표 메뉴인 갈비 소금 구이 갈비 간장 양념 갈비 매운 양념 갈비 단계 단계 외로 주먹밥 물냉면 비빔냉면 잔치국수 비빔국수 간장 양념 갈비 매운 양념 갈비 잔치국수 주먹밥 주문 주문 나니 기본 기본 제공 쫀득 돼지 껍데기 양념장 콩가루 백김치 양파 절임 초벌 구이 그동안 돼지껍데기 계속 서비스 기본 생각 기본 신한 계란찜 해장국 갈비 가득 갈비 재생 갈비 갈비 주먹밥 양도 매운 갈비 조합 동글동글 먹기 두기 메인 메뉴인 갈비 등장 초벌 불판 정도 한눈 보아 살이 갈비 고기 때깔 진짜 장갑 갈비 달달 짭쪼름 간장 양념 숯불 제대로 정말 고기 살이 쏙쏙 먹기 메뉴 잔치국수 주문 양은 냄비 더욱 느낌 잔치국수 육수 유부 가득 식사 한잔 기도 메뉴 날씨 더욱 메뉴 후식 사장 후식 요구르트 기분 식사 느낌 추천 생각 갈비 고기 생각 갈비 유점 방문 수유역맛집 수유리맛집 수유고기집 수유밥집 수유역밥집 갈비 유점 갈비 수유역 갈비 수유역 갈비 갈비 맛집,수유역맛집 수유리맛집 수유고기집 수유밥집 수유역밥집 와와쪽갈비수유점 와와쪽갈비 수유역갈비 수유역쪽갈비 화계쪽갈비 화계맛집
8,수유역 맛집 추천 갈비 도리 갈비 유점,수유역 방문 소요 가지 오빠 외식 점심 갈비 유점 방문 오픈 방문 초벌 메뉴 방문 사장 전화 문의 오시 갈비 유점 위치 갈비 유점 서울특별시 강북구 수유로 예약 블로그 체크 장소 운영 라스트 연중 번호 가격 주차 포장 예약 단체 이용 가능 배달 갈비 유점 수유역 출구 도보 거리 위치 주차 확인 카운터 문의 방문 매장 미리 연락 위치 보시 서로 매장 편쪽 주차 공간 마련 오픈 본인 방문 확인 예약 퇴근 사람 가득 외관 내부 갈비 언뜻 초벌 기계 갈비 유점 재생 접기 갈비 유점 부공 테이블 정도 마련 구비 살짝 옛날 포차 성의 테이블 갈비 유점 재생 접기 갈비 유점 충전기 아기 의자 마련 가족 끼리 외식 오픈 테이블 가족 외식 테이블 어르신 테이블 아기 가족 남매 안쪽 냉장고 주류 구비 냉장고 원산지 표시 메뉴 주문 메뉴판 벽면 갈비 리지 가지 종류 양념 갈비 사이드 메뉴 음료 준비 매운 양념 소스 단계 선택 걱정 간장 양념 갈비 소금 구이 갈비 인분 주먹밥 잔치국수 주문 메뉴 벽면 기본 세팅 음식 기본 밑반찬 서비스 콩가루 양파 절임 백김치 양념 소스 돼지껍데기 장갑 비닐 장갑 집게 가위 접시 장갑 비닐 장갑 접시 제공 대망 주문 음식 서비스 돼지껍데기 계란찜 기본 밑반찬 제외 돼지껍데기 계란찜 서비스 진짜 덜덜 진짜 제공 사장 갈비 유점 재생 접기 갈비 유점 갈비 초벌 마무리 돼지껍데기 먼저 여러 양념장 돼지껍데기 때쯔음 초벌 갈비 껍데기 기름기 탁탁 튀어 매운 양념 한번 콩가루 듬뿍 정말 도리 사이사이 매콤 달콤 쫀득쫀득 쫄깃 쫄깃 쪽쪽 식감 껍떼기 더욱 감칠맛 요즘 음식 오빠 최애 껍데기 서비스 주시 방문 껍데기 떔시 강도 불로 쫄깃 아주 입천장 입술 입천장 국물 국물 아주 계란찜 아주 계란찜 식감 갈비 금구 초벌 나오니 직화 양념 갈비 설명 갈비 유점 재생 접기 갈비 유점 사장 매운 양념장 한번 감동 양념 소금 구이 갈비 간장 양념 달콤 매콤 진짜 갈비 기름기 좔좔 양념 구이 크기 비주 피부 느낌 냄새 안나 자체 한번 보고 갈비 매력 소금 구이 살짝 간이 매력 간장 양념 구이 간장 양념 구이 간장 양념 쪽쪽 장갑 가위 집게 갈비 가위 집게 그냥 젓가락 아주 발라 지네 소금 구이 양념 구이 갈비 살이 주먹밥 정말 주먹밥 지름 대충 정도 주먹밥 담당 오빠 고기 담당 주먹밥 손맛 가미 갈비 유점 재생 접기 갈비 유점 사장 말씀 주먹밥 숯불 겉바 천상 참기름 고소 달달 단무지 갈비 정말 주먹밥 겉바 아삭뽀독 날치 단무지 식감 주먹밥 갈비 궁합 최고 기본 세팅되 서비스 리필 주문 음식 완전 가성 최고 초벌 정도 소요 음식 추가 주문 경우 미리 주문 먹기 에이 사실 숯불 직화 태운 갈비 갈비 처음 숯불 직화 조리 경우 보지 경우 초벌 갈비 수유역 주변 단체 모임 회식 장소 갈비 갈비 사이드 메뉴 면도 회식 모임 외식 느낌 메뉴 하니 하루 정말 기분 시작 마무리 오빠 정말 갈비 유점 추천 화장실 건물 위치 사장 서비스,
9,수유고기집 갈비 유점,수유고기집 갈비 유점 중순 정도 날씨 지난 주말 기온 바람 불면 감기 유의 생각 간만 고기 생각 아내 한번 얘기 갈비 영접 오늘 수유고기집 갈비 유점 소개 갈비 유점 갈비 유점 서울특별시 강북구 수유로 예약 블로그 체크 장소 주소 서울 강북구 수유로 수유역 출구 영업 매일 라스트 매장 외관 내부 수유고기집 갈비 유점 외관 활짝 야장 분위기 하필 야외 테이블 살짝 한쪽 갈비 풍경 사람 발걸음 도착 매장 내부 사람 차서 매일 인분 판매 진시 조기 마감 하니 가면 느낌 느낌 주말 저녁 가족 친구 갈비 주류 메뉴판 수유고기집 갈비 유점 메뉴판 소금 구이 간장 양념 매운 양념 가지 갈비 먹기 주먹밥 냉면 누룽지 사이드 메뉴 도갱 부부 소금 구이 인분 단계 매운 양념 인분 주먹밥 고기 맥주 주문 후기 시래기 된장국 백김치 양파 장아찌 반찬 먼저 갈비 유점 계란찜 돼지껍데기 무한리필 제공 콩가루 매운 소스 갈비 주문 초벌 정도 소요 때문 돼지껍데기 가래떡 돼지껍데기 진짜 아내 돼지껍데기 재료 주먹밥 돼지껍데기 콩가루 매운 소스 쫄깃 쫄깃 동시 입맛 돋궈줍니 오늘 주인공 갈비 등장 갈비 갈비 센스 준비 장갑 먼저 착용 위생 장갑 젓가락 갈비 소금 구이 먼저 초벌 뼈쪽 정도 숯불 가득 금은 쫄깃 쫄깃 매운 양념 구이 차례 양쪽 살이 가득 두툼 녀석 보기 만해 마음 양념 때문 자주 포인트 고기 두툼 입맛 맥주 아내 사실 생각 껍질 갈비 조합 맥주 생각 메뉴 구성 돼지껍데기 주먹밥 갈비 양도 둘이서 정말 갈비 식감 수유고기집 갈비 유점 기억 주말 마무리 갈비 유점 재생 갈비 유점 갈비 유점 네이버 방문자 리뷰 블로그 리뷰,
10,갈비 노원 직원 정말,갈비 노원 직원 정말 갈비 갈비 노원 친절 돼지껍데기 맛남 노원 볼일 식사 노원 곳도 생각 매력 갈비 노원 서울특별시 노원구 상계로 예약 블로그 체크 장소 지도 강북 지역 창동 점도 수유 점도 동네 냄새 진동 갈비 경우 노원역 아래 굴다리 냄새 홀려 술술 초벌 진짜 가족 부분 과감 타지 가면 양념 고기 타지 스킬 사진 자리 소금 구이 갈비 간장 양념 갈비 매운 갈비 가격 인분 인분 주문 국룰 테이블 인분 주문 사이드 메뉴 주먹밥 잔치국수 누룽지 물냉비 냉이 갈비 아래 직원 크게 갈비 소주 국룰 다운 기본 소스 주목 콩가루 이건 갈비 돼지껍데기 조합 금구 매운 소스 소스 밑반찬 매력 오기 돼지 껍데기 돼지껍데기 일어나서 이야기 무려 기본 반찬 돼지껍데기 갈비 초벌 껍데기 돼지껍데기 무려 무한리필 대박 돼지껍데기 사람 진짜 소주 안주 무한 돼지껍데기 추가 리필 사실 돼지껍데기 사람 리필 직원 수도 생각 리필 직원 말씀 라며 테이블 대체 사장 알바 비용 요즘 시대 저런 직원 생각 정도 갈비 노원 직원 정말 갈비 갈비 노원 친절 돼지껍데기 맛남 돼지껍데기 살짝 과자 살짝 꼬들할 더욱 중요 사실 돼지껍데기 타지 메인 소금 구이 갈비 매운 양념 갈비 대한 사진 발라 비닐 장갑 장갑 때문 크게 호호 중요 장갑 사진 찍기 요즘 블로그 대한 애정 일수 마지막 입가심 고민 냉면 돼지껍데기 물냉면 주문 국수 주문 국수 어마 무시 냉면 평범 이야기 달걀찜 무한리필 요청 주시 혜자 가게 이야기 절로 서비스 서비스 친절 이면 친절 도심지 기분 식사 느낌 속초 사진 여자 사이 모습 기분 사진 카톡 프로필 사진 그냥 개인 사진 마음속 핸드폰 블로그 작성 기록 와이프 재미 액션 동작 보고 엄마 동작 지수 초등학생 저학년 요즘 저녁 와이프 맥주 생각 컨트롤 고민 시기 대한 정답 대답 갈비 노원 직원 정말 갈비 갈비 노원 친절 돼지껍데기 맛남 지수 갈비 조만간 데리 가면 가게 지수 가게 친절 녀석 요즘 정말 친절 음식 장사 생각 주도,와와쪽갈비 와와쪽갈비노원점 친절 돼지껍데기 맛남 와와쪽갈비 와와쪽갈비노원점 친절 돼지껍데기 맛남 와와쪽갈비 와와쪽갈비노원점 친절 돼지껍데기 맛남
11,수유역맛집 갈비 유점 아들 데이트,수유역맛집 수유리맛집 수유고기집 수유밥집 수유역밥집 수유 갈비 수유역 갈비 강북구 갈비 수유 동쪽 갈비 유회 수유역 회식 강북구 회식 수유동 회식 갈비 유점 매운 양념 갈비 수유역 맛집 갈비 유점 항상 사람 가득 정말 수유역 맛집 웨이팅 미리 예약 방문 수유역 맛집 갈비 유점 주소 서울 강북구 수유로 전화번호 영업 라스트 연중 주차 포장 예약 단체 이용 가능 배달 수유역 출구 대한 병원 우측 방향 링크 공유 갈비 유점 네이버 방문자 리뷰 블로그 리뷰 숯불 직화 구이 갈비 유점 역시 단체 회식 장소 애용 식당 내부 입구 초벌 직접 숯불 갈비 탈수 초벌 때문 테이블 취향 정말 수유역 맛집 갈비 유점 메뉴 소금 구이 갈비 간장 양념 갈비 매운 양념 갈비 초벌 소요 때문 추가 주문 미리 미리 갈비 유점 방문 리뷰 워낙 인기 조기 마감 경우 마감 소금 구이 갈비 간장 양념 구이 갈비 매운 양념 갈비 주먹밥 보고 가지 종류 주문 아들 둘이서 오늘 맛집 투어 제대로 기본 세팅 양파 절임 백김치 양념 소스 해장국 계란찜 해장국 정말 소주 계란찜 리필 계속 리필 주먹밥 참기름 냄새 양도 진짜 고기랑 주먹밥 조합 서비스 안주 돼지껍데기 서비스 진짜 완전 가성 최고 돼지껍데기 정말 어쩜 쫀득쫀득 콩가루 별미 초벌 구이 정도 생각 소금 구이 갈비 살짝 간장 양념 구이 손님 진짜 직원 정말 갈비 재미 장갑 일회용 장갑 어쩜 돼지 냄새 수가 금구 간장 양념 구이 아들 매운 양념 구이 테이블 매운 양념 구이 도전 매운 양념 구이 단계 별로 매운 선택 단계 주문 단계 생각 단계 소금 구이 간장 양념 구이 매운 양념 구이 제일 갈비 역시 매운 양념 구이 평일 저녁 사람 대기 정도 도리 맛집 인정 서비스 요구르트 입가심 원샷 아들 둘이서 갈비 데이트 오늘 갈비 유점 서울특별시 강북구 수유로 예약 블로그 체크 장소,수유역맛집 수유리맛집 수유고기집 수유밥집 수유역밥집 수유쪽갈비 수유역쪽갈비 강북구쪽갈비 수유동쪽갈비 수유회식 수유역회식 강북구회식 수유동회식 와와쪽갈비
12,갈비 유점 수유 맛집 화계역 맛집,갈비 유점 서울특별시 강북구 수유로 예약 블로그 체크 장소 갈비 유점 매일 무료 주차 가능 네이버 예약 가능 오늘 저녁 화계역 수유역 사이 갈비 갈비 고기 초벌 나오니 정도 장갑 장갑 위생 장갑 착용 갈비 누룽지 잔치국수 소요 밑반찬 백김치 돼지껍데기 일품 네이버 메뉴 소금 구이 간장 양념 매운 양념 가지 아마 개인 양념 구이 취향 주먹밥 동글동글 초벌 갈비 껍데기 후식 요구르트 사장,
13,수유역 맛집 갈비 일품 갈비,오늘 수유역 갈비 맛집 갈비 소개 갈비 정말 정말 맛집 가게 정말 사람과 메뉴 소금 구이 간장 양념 매운 양념 갈비 매운 갈비 매운 사이드 메뉴 사진 참고 주먹밥 일반 주먹밥 매운 주먹밥 가지 정말 앞치마 색깔 핑크 갈비 매일 정량 준비 진시 마감 일찍 초벌 소요 미리 주문 흐름 갈비 방법 아래쪽 정도 부위 타도 먼저 정말 듬뿍 날치 주먹밥 고기 주먹밥 고기랑 날치 톡톡 돼지껍데기 사리 백김치 계란찜 해장국 갈비 계란찜 돼지 껍데기 서비스 요청 정말 최고 계란찜 맛집 랍니 퐁퐁 뭔가 계란찜 국물 갈비 주먹밥 완전 찰떡 궁합 국물 국물 안주 주먹밥 고기 준비 초벌 갈비 정말 먹음 간장 양념 갈비 소금 구이 갈비 뼛대 고기 정말 갈비 초벌 고기 뼈쪽 아래 가게 살짝 먹기 금방 모든 양념 소스 육수 직접 래서 고기 양념 정말 고기 식감 진짜 사진 갈비 고기 칼집 어물 간장 양념 갈비 달달 소금 구이 갈비 간장 양념 달달 취향 저격 콩가루 매콤 소스 주시 매콤 자극 양파 장아찌 백김치 주먹밥 백김치 고기랑 꿀맛 껍데기 쫀득쫀득 섬유 탈취 제도 준비 식사 충전기 사용 요쿠르트 후식 갈비 사장 최고 수유역 맛집 갈비 일품 수유역 갈비 맛집 갈비 완전 강추 갈비 유점 서울특별시 강북구 수유로 예약 블로그 체크 장소 수유역맛집 수유리맛집 수유고기집 수유밥집 수유역밥집 수유 갈비 수유역 갈비 강북구 갈비 우동 갈비 수유 회식 수유역 회식 강북구 회식 수유동 회식 갈비 갈비 맛집,수유역맛집 수유리맛집 수유고기집 수유밥집 수유역밥집 수유쪽갈비 수유역쪽갈비 강북구쪽갈비 수우동쪽갈비 수유회식 수유역회식 강북구회식 수유동회식 와와쪽갈비 쪽갈비찐맛집
14,수유역 맛집 발견 갈비 유점,갈비 맛집 투어 수유역 부근 위치 갈비 맛집 갈비 유점 오늘 동네 갈비 가게 뽀개기 기분 수유역 맛집 인기 방문 매장 갈비 식사 추천 시작 갈비 유점 서울특별시 강북구 수유로 예약 블로그 체크 장소 영업 매일 라스트 주소 서울시 강북구 수유로 문의 주차 건물 뒤편 주차 가능 수유역 출구 도보 정도 위치 자리 잡고 접근성 저녁 도착 만석 수유역 맛집 제대로 오예 고깃집 때문 자리 수유역 맛집 갈비 여유 테이블 공간 만족 수유역 맛집 갈비 메뉴 소금 구이 갈비 간장 양념 갈비 매운 양념 갈비 가지 종류 갈비 준비 매운 단계 단계 선택 갈비 사이드 메뉴 준비 취향 선택 부부 간장 양념 갈비 매운 양념 갈비 단계 주먹밥 주문 기본 백김치 양파 장아찌 콩가루 매운 양념 해장국 계란찜 돼지껍데기 기본 제공 계란찜 돼지껍데기 리필 사장 최고 갈비 초벌 껍데기 바싹 껍데기 타보이 타지 제공 콩가루 양념 쫄깃 쫄깃 초벌 저녁 갈비 초벌 때문 정도 추가 정말 먼저 간장 구이 사이 준비 주먹밥 양념 갈비 타지 수유역 맛집 고깃집 갈비 고기 분리 개인 정말 초벌 때문 추가 흐름 주먹밥 식지 중간 중간 백김치 양파 장아찌 더욱 갈비 사실 이제 매운 양념 갈비 스타트 요즘 남편 때문 매운 단계 주문 매운 매운 사람 먹기 보통 갈비 가게 가면 양념 수유역 맛집 갈비 간장 매운 양념 우열 수가 인증 마지막 마지막 갈비 고기 먹기 정말 계란찜 리필 주먹밥 오늘 하루 갈비 양념 갈비 유점 매장 사장 서도 식사 갈비 맛집 갈비 유점 적극 추천 수유역맛집 수유리맛집 수유고기집 수유밥집 수유역밥집 수유 갈비 갈비 맛집 갈비 유점 서울특별시 강북구 수유로 예약 블로그 체크 장소,수유역맛집 수유리맛집 수유고기집 수유밥집 수유역밥집 수유쪽갈비 쪽갈비맛집
15,수유역 맛집 밑반찬 일품 갈비 유점,남자친구 근처 갈비 유점 자주 사람 데이트 저녁 사람 수유역 맛집 공유 메인 메뉴 이외 갈비 유점 서울특별시 강북구 수유로 예약 블로그 체크 장소 주소 서울 강북구 수유로 영업 오후 새벽 라스트 오후 전화번호 포장 배달 예약 단체 이용 가능 매장 중년 부부 친구 모임 남녀 노소 호불호 숯불 직화 이집 불향 간장 양념 갈비 매운 양념 갈비 단계 주먹밥 소주 맥주 주문 수유역 맛집 갈비 유점 밑반찬 백김치 양념장 콩가루 양파 장아찌 껍데기 갈비 마지막 껍데기 마무리 진짜 사장 자체 주먹밥 어쩜 처음 그릇 사이즈 보고 장갑 비닐 장갑 대체 장갑 착용 갈비 처음 어려움 갈비 유점 밑반찬 기본 제공 해장국 계란찜 가지 메인 해도 정도 계란찜 최고 누룽지 계란찜 느낌 아시 테두리 부분 수유역 맛집 갈비 비주 매우 살이 가위 해도 발라 과정 갈비 개인 매운 남자친구 간장 취향 갈비 주먹밥 간장 양념 주먹밥 조합 정말 매운 백김치 매운 매력 백김치 조화 가위 발라 수유역 맛집 갈비 유점 이제 껍데기 껍데기 금방 안주 마무리 갈비 양도 흡입 껍데기 갈비 수유역 맛집 갈비 유점,
16,수유역맛집 수유리맛집 수유고기집 수유밥집 수유역밥집 갈비 유점 모임 장소 추천,오늘 수유역맛집 수유리맛집 수유고기집 수유밥집 수유역밥집 갈비 유점 소개 갈비 유점 서울특별시 강북구 수유로 예약 블로그 체크 장소 매장 정보 위치 서울 강북구 수유로 수유동 운영 매일 라스트 매장 번호 정보 주차 포장 예약 단체 이용 가능 배달 수유역맛집 수유리맛집 수유고기집 수유밥집 수유역밥집 갈비 유점 수유역 출구 거리 위치 접근성 가지 오시 방문 무료 주차공간 매장 내부 분위기 테이블 테이블 사이 간격 갈비 초벌 오픈 조리 과정 직접 신뢰 가요 수유역맛집 수유리맛집 수유고기집 수유밥집 수유역밥집 갈비 유점 메뉴판 소금 갈비 간장 양념 갈비 매운 양념 갈비 주먹밥 물냉면 잔치국수 비빔냉면 누룽지 준비 소금 갈비 간장 양념 갈비 주먹밥 잔치국수 주문 모든 양념 소스 육수 직접 주문 기본 반찬 계란찜 해장국 돼지껍데기 무한리필 고해 백김치 양파 절임 갈비 주문 초벌 소요 수유역맛집 수유리맛집 수유고기집 수유밥집 수유역밥집 갈비 유점 모든 고기 초벌 뻐쪽 장갑 착용 위생 장갑 착용 소금 구이 갈비 육즙 소금 간만 살짝 고기 본연 제대로 불향 입안 가득 간장 양념 갈비 달콤 정석 특제 간장 소스 고기 감칠맛 양념 자꾸만 주먹밥 정말 신의 깜짝 참기름 솔솔 가루 날치 잔치국수 일품 국물 모금 감칠맛 온몸 육수 쫄깃 면발 고기 입맛 정리 유부 가루 수유역맛집 수유리맛집 수유고기집 수유밥집 수유역밥집 갈비 유점 가격 합리 양도 가성 최고 마지막 요구르트 서비스 사장 직원 기분 식사 갈비 맛집 갈비 유점 방문 수유역맛집 수유리맛집 수유고기집 수유밥집 수유역밥집 갈비 유점,수유역맛집 수유리맛집 수유고기집 수유밥집 수유역밥집 와와쪽갈비수유점
17,공지 수유역맛집 수유리맛집 고기 맛집 갈비 유점,수유역 맛집 갈비 갈비 맛집 방문 처음 갈비 유점 서울특별시 강북구 수유로 예약 블로그 체크 장소 갈비 영업 매일 라스트 주차 포장 배달 가능 수유역 출구 정도 가게 두꺼비 맞이 내부 갈비 사장 소금 구이 갈비 간장 양념 갈비 매운 양념 갈비 매운 양념 갈비 조절 가능 가격 매일 인분 판매 갈비 초벌 정도 추가 주문 미리 수유역맛집 수유리맛집 고기 맛집 갈비 유점 재생 수유역맛집 수유리맛집 고기 맛집 갈비 유점 갈비 장면 주문 동시 갈비 돌이 모든 양념 소스 육수 직접 자리 양파 절임 백김치 껍데기 콩가루 소스 준비 껍데기 껍데기 갈비 껍데기 먹기 돼지 껍데기 고물 냄새 쫀득하 계란찜 해장국 계란찜 해장국 안주 간장 양념 갈비 인분 매운 양념 갈비 인분 우린 단계 주문 수유역맛집 수유리맛집 고기 맛집 갈비 유점 재생 수유역맛집 수유리맛집 고기 맛집 갈비 유점 숯불 정도 주기 준비 장갑 위생 장갑 장갑 위생 장갑 반대 갈비 제법 간장 양념 갈비 매운 양념 갈비 냄새 백김치 매운 양념 갈비 양파 절임 고물 수유역 맛집 갈비 맛집 인정 신랑 동생 가야 매운 동생 려고 포장 가게 체험 포장 동생 직접 주문 전화 보아 수유역 맛집 갈비 동생 방문 수유역맛집 수유리맛집 수유고기집 수유밥집 수유역밥집 고기 맛집 갈비 맛집 갈비 맛집 숯불 직화 구이 돼지껍데기 돼지껍데기 맛집 갈비 소금 갈비 간장 양념 갈비 매운 양념 갈비 갈비,수유역맛집 수유리맛집 수유고기집 수유밥집 수유역밥집 고기맛집 갈비맛집 쪽갈비맛집 숯불직화구이 돼지껍데기 돼지껍데기맛집 갈비 소금구이쪽갈비 간장양념쪽갈비 매운양념쪽갈비 와와쪽갈비
18,서울 수유 돼지껍데기 무한리필 숯불 초벌 갈비,오늘 방문 또또 또또 수유역 갈비 갈비 상미 식당 골목 안쪽 위치 수유역 멀리 방문 맛집 하루 인분 판매 조기 마감 때문 확인 방문 추천 안쪽 사람 동네 맛집 만석 보이시 예약 방문 자리 갈비 소금 구이 간장 양념 매운 양념 가지 종류 인분 주문 사이드 주먹밥 잔치국수 물냉면 비빔냉면 누룽지 메뉴 소금 구이 갈비 매운 양념 갈비 단계 주먹밥 소주 주문 완료 주문 사장 다람쥐 초벌 때문 정도 소요 주문 기본 세팅 기본 세팅 돼지껍데기 계란찜 무려 돼지껍데기 계란찜 서비스 페트병 위생 비닐 장갑 장갑 비닐 장갑 소주잔 노란색 완전 럭키 비키 이제 갈비 오기 숯불 돼지껍데기 타지 생각 돼지껍데기 현상 노릇 노릇 콩가루 쫄깃 정말 갈비 돼지껍데기 로만 바하 정말 무한리필 계란찜 진짜 핵맛 메인 메뉴 소주 마시기 가능 계란찜 무한리필 해장국 건더기 정말 가도 소주 가능 사실 갈비 전혀 서울 수유 갈비 재생 서울 수유 갈비 날치 주먹밥 언니 분명 장갑 달라 언니 무려 비닐 장갑 언니 언니 오늘 주인공 갈비 눈물 주먹밥 완성 왼쪽 소금 구이 갈비 오른쪽 매운 양념 갈비 인분 원래 아래 정도 방법 나중 확인 사실 숯불 소금 구이 갈비 고기 정말 분리 순간 느낌 정말 정말 매운 양념 갈비 단계 단계 매콤 매운 입맛 자극 계속 계속 계산 요구르트 세심 서비스 기분 식사 방문 서비스 음식 항상 기분 식사 정말 강추 수유 맛집 꼭꼭 방문 갈비 유점 서울특별시 강북구 수유로 예약 블로그 체크 장소 갈비 유점 서울특별시 강북구 수유로 주차 가능 카운터 문의 포장 배달 가능 영업 매일 라스트,
19,수유역 맛집 갈비 유점 초벌 숯불 갈비 맛집 후기,갈비 유점 위치 서울 강북구 수유로 영업 매일 주차 가능 포장 배달 가능 화장실 실외 남녀 공용 갈비 유점 서울특별시 강북구 수유로 예약 블로그 체크 장소 갈비 맛집 갈비 유점 사장 직원 내내 기분 갈비 유점 네이버 방문자 리뷰 블로그 리뷰 외관 근처 정류장 가게 외관 수유역 출구 우이신설선 화계역 중앙 지점 도로 주차 내부 화장실 가게 내부 화장실 정보 일요일 저녁 자리 만석 자리 착석 배달 기사 나중 한번 충전기 입구 계산 근처 화장실 가게 연결 메뉴 가격 할인 정보 이벤트 확인 동점 메뉴 저녁 사이드 주문 오늘 메뉴 간장 양념 갈비 매운 양념 갈비 단계 주먹밥 소주 주문 메뉴 기본 서비스 양파 절임 콩가루 백김치 매운 양념 해장국 껍데기 사리 계란찜 기본 제공 갈비 집의 대박 장점 계란찜 돼지 떱데기 무한 껍데기 쫀득하 입가심 초벌 갈비 금방 지루함 최고 안주 한잔 고기 때깔 갈비 등장 초벌 이기 때문 성격 주먹밥 양도 식사 대용 매운 갈비 주먹밥 조합 최고 간장 갈비 돼지갈비 느낌 물씬 매운 소스 제공 때문 소금 간장 추천 주먹밥 계란찜 완밥 요쿠르트 서비스 갈비 유점 계란찜 껍데기 때문 추천 직접 필요 때문 대화 수유 갈비 갈비 맛집 서울 갈비 서울 갈비 맛집 쌍문맛집 강북구 맛집 갈비 매운 갈비 매운 갈비 맛집 삼양동 맛집 수유리맛집 수유고기집 수유밥집 수유역밥집 수유역맛집 수유동 맛집 번동 맛집 수유역밥집 화계역 맛집,수유쪽갈비 쪽갈비맛집 서울쪽갈비 서울쪽갈비맛집 쌍문맛집 강북구맛집 와와쪽갈비 매운쪽갈비 매운쪽갈비맛집 삼양동맛집 수유리맛집 수유고기집 수유밥집 수유역밥집 수유역맛집 수유동맛집 번동맛집 수유역밥집 화계역맛집
20,갈비 유점 수유역 갈비 맛집 계란찜 껍데기 무한 서비스,맛집 포스팅 정원 오늘 수유역 갈비 맛집 갈비 유점 리뷰 시작 갈비 유점 서울특별시 강북구 수유로 예약 블로그 체크 장소 매장 위치 서울 강북구 수유로 영업 매일 라스트 매장 번호 주차 매장 가능 매장 정보 포장 예약 단체 배달 모든 양념 소스 육수 직접 때문 남녀 노소 먹거리 갈비 최선 다해 노력 간판 외부 안쪽 관심 트렌디 노포 감성 내부 갈비 먹기 가장 인테리어 가게 벽면 방법 참고 매우 메뉴판 간장 양념 갈비 매운 양념 갈비 주먹밥 주문 계란찜 껍데기 해장국 기본 제공 무려 무한리필 대박 모든 소스 양념 직접 더욱 믿음 소스 정말 계란찜 껍데기 기본 제공 무한 갈비 초벌 정도 소요 껍데기 먼저 추천 주먹밥 주먹밥 정말 동글동글 먹기 퍼먹기 결정 간장 양념 갈비 갈비 비주 정말 주문 정도 소요 참고 간장 양념 갈비 간장 양념 갈비 초벌 살짝 장갑 정말 숯불 정말 매운 양념 갈비 매운 양념 갈비 양념 금방 주의 양념 단계 단계 나기 단계 추천 간장 양념 갈비 정말 저녁 좌석 불구 웨이팅 간장 양념 갈비 동생 매운 양념 갈비 매력 정말 갈비 후식 요구르트 완벽 갈비 갈비 정말 정말 양념 직접 양념 정말 계란찜 껍데기 기본 제공 무한 제공 정말 대박 서비스 직원 정말 내일 맛집 협찬 사실 포스팅 약속 포스팅 진심,
21,갈비 유점 리뷰 소주 한잔 맛집,해장국 계란찜 갈비 갈비 유점 수유역 인근 위치 맛집 소주 술술 갈비 전문점 양념 갈비 주먹밥 누룽지 사이드 메뉴 간장 매운 갈비 인기 친구 소주 한잔 분위기 주소 서울 강북구 수유로 영업 매일 영업 시작 간장 매운 양념 갈비 추천 갈비 대표 메뉴 간장 양념 갈비 매운 양념 갈비 매콤 간장 소스 고기 쫄깃 식감 자랑 매운 양념 갈비 소주 환상 궁합 자랑 매콤한 안주 추천 사이드 메뉴 식사 주먹밥 누룽지 갈비 먹기 사이드 메뉴 주먹밥 누룽지 갈비 양념 술안주 식사 손색 위치 편의 시설 수유역 출구 도보 거리 위치 접근성 주차 공간 마련 자가용 이용 손님 포장 배달 서비스 제공 갈비 단체 이용 친구 모임 회식 장소 분위기 공간 소주 한잔 분위기 소주 한잔 갈비 장소 소금 양념 간장 매운 갈비 추천 쫄깃 고기 양념 입맛 갈비 수유 갈비 회식 맛집 결론 갈비 유점 수유 맛집 소주 한잔 갈비 전문점 간장 매운 양념 갈비 추천 주먹밥 누룽지 수유역 근처 친구 모임 회식 추천 갈비 유점 서울특별시 강북구 수유로 예약 블로그 체크 장소 갈비 수유맛집 갈비 맛집 수유역 고기 매운 갈비 간장 갈비 소주 안주 수유 술집 서울 갈비 친구 모임 추천 데이트 코스 서울 고깃집,수유 쪽갈비 회식 맛집 와와쪽갈비 수유맛집 쪽갈비맛집 수유역고기집 매운쪽갈비 간장쪽갈비 소주안주 수유술집 서울쪽갈비 친구모임추천 데이트코스 서울고깃집
22,수유역 갈비 맛집 갈비 유점 추천,해피 오늘 수유역 부근 위치 갈비 맛집 갈비 유점 대해 소개 매장 갈비 식사 추천 갈비 유점 위치 서울 강북구 수유로 영업 매일 라스트 전화번호 수유역 출구 도보 정도 위치 자리 잡고 외부 메뉴 판매 중인 한눈 정말 웨이팅 경우 대기 현황 사장 형식 정말 갈비 주말 저녁 웨이팅 수도 내부 내부 사진 좌석 준비 때문 매장 단체 방문 경우 미리 예약 추천 테이블 인석 이서 방문 경우 식사 메뉴판 메뉴판 소금 구이 갈비 간장 양념 갈비 매운 양념 갈비 가지 종류 갈비 준비 갈비 사이드 메뉴 준비 취향 선택 갈비 때문 한번 보시 갈비 초벌 때문 정도 추가 정말 기본 반찬 기본 반찬 정말 기본 제공 메뉴 껍데기 기본 제공 메뉴 정말 때문 더욱 식사 기본 제공 껍데기 양도 정말 때문 비주 정말 껍데기 정말 쫄깃 제공 양념 정말 더욱 껍데기 계란찜 제공 정말 기본 제공 메뉴 정말 제공 더욱 개인 우거지 정말 백김치 양파 장아찌 갈비 백김치 양파 장아찌 더욱 갈비 갈비 살짝 때문 장갑 비닐 장갑 제공 비닐 장갑 장갑 참고 처음 소금 구이 갈비 인분 가격 처음 갈비 소금 구이 갈비 가격 양념 갈비 아주 살짝 그람 가격 비주 보아 수유역 갈비 맛집 소금 구이 이기 때문 소금 간도 고기 기지 정말 간장 양념 갈비 매운 양념 갈비 인분 가격 간장 양념 갈비 매운 양념 갈비 인분 주문 가격 개인 정말 초벌 때문 추가 이건 간장 양념 갈비 이건 매운 양념 매운 양념 갈비 조절 선택 단계 단계 선택 개인 단계 매운 정도 매운 단계 더욱 갈비 아래쪽 가게 처음 보고 고기 아래 가게 아래 가게 우시 추천 비주 보아 보이지 비주 정말 고기 분리 갈비 집도 갈비 정말 고기 분리 맛보기 정말 사진 고기 중간 중간 먹기 정말 수유역 갈비 맛집 갈비 유점 추천 재생 수유역 갈비 맛집 갈비 유점 추천 초벌 갈비 타지 제공 때문 양념 간도 간장 양념 매운 양념 주먹밥 가격 주먹밥 주문 주먹밥 가격 주먹밥 단무지 날치 주먹밥 재료 듬뿍 인지 정말 갈비 조합 정말 때문 주문 추천 식사 사용 치실 준비 후식 요구르트 제공 식사 갈비 유점 서울특별시 강북구 수유로 예약 블로그 체크 장소 수유역 부근 위치 갈비 맛집 갈비 유점 정말 갈비 갈비 양념 매장 사장 서도 식사 수유역 정말 갈비 맛집 갈비 유점 적극 추천 수유역맛집 수유리맛집 수유고기집 수유밥집 수유역밥집 수유역 갈비 맛집 수유 갈비 맛집 수유역술집 추천,수유역맛집 수유리맛집 수유고기집 수유밥집 수유역밥집 수유역쪽갈비맛집 수유쪽갈비맛집 수유역술집추천
23,수유고기집 갈비 갈비 렛츠기릿,수유고기집 갈비 갈비 렛츠기릿 대한민국 갈비 갈비 불맛 주시 다시 불판 돼지껍데기 계란찜 리필 갈비 돼지껍데기 계란찜 해장국 아주 누룽지 잔치국수 후식 메뉴 갈비 갈비 유점 테이블 사람 와글 바글 갈비 먹기 위해 소주 맥주 하등 주류 간장 매운 양념 소금 갈비 갈비 돼지껍데기 먼저 이후 갈비 데이트 모임 갈비 정말 훌러덩 금방 갈비 유점 포장 사실 갈비 홀릭되네 토요일 저녁 갈비 사람 갈비 불맛 고기 식감 육즙 돼지껍데기 갈비 돼지껍데기 해장국 계란찜 주먹밥 갈비 고물 고추장 양념 주먹밥 불맛 훈연된 갈비 사장 주시 불판 먹기 소금 간장 매운 인분 갈비 세계 돼지껍데기 이후 다시 갈비 갈비 갈비 정말 생기지 목장 비닐 장갑 다시 비닐 갈비 준비 레디 액션 갈비 재생 접기 수유 사장 갈비 주시 간장 소금 인분 인분 둘이서 드심 먹기 친구 연인 가족 먹기 삼겹 일반 고기 식감 육즙 홀릭됩니 한번 자꾸만 갈비 꽃처럼 갈비 난생처음 장갑 금방 바닥 보이 갈비 정말 금방 갈비 유점 서울특별시 강북구 수유로 예약 블로그 체크 장소 수유 고기 수유역 고기 수유역 데이트 수유역 고기 맛집 수유 술집 수유 갈비 수유 갈비 수유동 갈비 수유 동쪽 갈비 갈비 수유 갈비,수유고기 수유역고기 수유역데이트 수유역고기맛집 수유술집 수유쪽갈비 수유갈비 수유동갈비 수유동쪽갈비 와와쪽갈비수유 와와쪽갈비
24,갈비 유점 수유역 맛집 맛집 슴둥,수유역맛집 수유리맛집 수유고기집 수유밥집 수유역밥집 수유역 맛집 갈비 갈비 진짜 수유역 맛집 갈비 뿌셨자나 수유역 맛집 공유 시작 계란찜 껍데기 무한 리필 갈비 보신 진짜 반찬 퀄리티 최고 수유역 맛집 갈비 후기 갈비 유점 서울특별시 강북구 수유로 예약 블로그 체크 장소 수유역 출구 거리 길이 맛집 거리 저녁 갈비 웨이 하니 예약 추천 식당 정보 영업 매일 라스트 위치 서울 강북구 수유로 수유역 출구 도보 전화번호 배달 포장 가능 포장 포장 고고 메뉴 간장 양념 갈비 인분 매운 양념 인분 갈비 주먹밥 주문 매운 양념 단계 주문 단계 매콤하니 간장 양념 추천 갈비 주문 동시 초벌 그동안 미리 주신 껍데기 껍데기 마지막 사장 껍데기 분위기 예약 예약 미리 준비 셋팅 반찬 양파 킬러 양파 진짜 소스 콩가루 매콤한 소스 껍데기 왔듭니 주먹밥 진짜 주먹밥 탄수화물 러버 진짜 불리 믹스 믹스 숟가락 꼬기 주먹밥 계란찜 계란찜 진짜 맛집 인정 계란찜 사람 나야 찌개 콩나물 야채 해장국 느낌 꼬기 주먹밥 국물 갈비 초벌 초벌 냄새 안배 고이 비쥬 매운 양념 간장 양념 장갑 장갑 비닐 장갑 장갑 마술 주먹밥 양파 진짜 먹기 양념 소스 간장 소스 고기 중간 중간 주먹밥 조합 진짜 정도 진짜 고기 보이 간장 매운 양념 진짜 불리 수유역 맛집 인정 껍데기 껍데기 감상 기름 좔좔 호호 불어 핵맛 수유역 갈비 갈비 갈비 유점 수유역 맛집 맛집 재생 갈비 유점 수유역 맛집 맛집,수유역맛집 수유리맛집 수유고기집 수유밥집 수유역밥집
25,수유 갈비 갈비 유점,수유 갈비 수유역 갈비 강북구 갈비 우동 갈비 수유 회식 수유역 회식 강북구 회식 우동 회식 갈비 유점 부엉 오늘 부엉 가족 외식 고민 차로 수유 갈비 갈비 유점 맛집 항상 사람 한번 그게 오늘 갈비 유점 주소 서울 강북구 수유로 오후 새벽 주차 가능 포장 배달 단체 이용 가능 주말 일찍 도착 사람 갈비 남녀 노소 주말 가족 단위 손님 갈비 유점 수유 갈비 갈비 유점 소금 갈비 간장 양념 갈비 매운 양념 갈비 단계 단계 사이드 메뉴 주먹밥 물냉면 비빔냉면 잔치국수 누룽지 서비스 메뉴 해장국 계란찜 쫄깃 끝판 돼지껍데기 갈비 느낌 사이드 메뉴 주먹밥 어마 무시 사장 주시 사람 이유 수유 갈비 갈비 유점 재생 수유 갈비 갈비 유점 수유 갈비 갈비 유점 식당 가면 추구 부엉 가족 취향 주문 소금 갈비 인분 간장 양념 갈비 인분 매운 양념 갈비 인분 수유 갈비 갈비 유점 가장 간장 양념 갈비 환상 조합 쫄깃 쫄깃 갈비 해도 초벌 구이 숯불 먹기 갈비 매일 정량 준비 판매 소진 조기 마감 하니 수유 갈비 갈비 유점 갈비 초벌 소요 하니 추가 주문 미리 미리 수유 갈비 갈비 유점 갈비 방법 아래쪽 정도 식사 장갑 순서도 설명 참고 수유 갈비 갈비 유점 건물 뒤편 주차장 입가심 요구르트 이제 연말 연시로 행사 송년모임 남녀 노소 가성 비도 수유 갈비 갈비 유점 추천 오늘 갈비 유점 서울특별시 강북구 수유로 예약 블로그 체크 장소,수유쪽갈비 수유역쪽갈비 강북구쪽갈비 수우동쪽갈비 수유회식 수유역회식 강북구회식 수우동회식 와와쪽갈비수유점
26,수유역맛집 갈비 유점 계란찜 돼지껍데기 무한,수유역맛집 갈비 유점 계란찜 돼지껍데기 무한 수유역맛집 숯불 직화 구이 초벌 냄새 갈비 맛집 돼지껍데기 계란찜 무한 가성 수유역맛집 갈비 유점 소개 수유역 갈비 맛집 갈비 수유역맛집 수유역 고기 수유역 돼지껍데기 수유역 갈비 수유맛집 수유 술집 하이라이트 린지 갈비 돼지껍데기 갈비 갈비 유점 영업 정보 매장 위치 서울 강북구 수유로 영업 매일 전화번호 주차 가능 포장 배달 예약 단체 이용 가능 매장 외관 수유역맛집 갈비 유점 지하철역 출구 거리 골목 위치 접기 수유역 갈비 맛집 갈비 유점 매장 앞쪽 숯불 직화 고기 숯불 직화 구이 매장 내부 테이블 가족 식사 보통 갈비 연기 정말 오기 메뉴판 수유역맛집 갈비 유점 갈비 전문 전문점 사이드 메뉴 주먹밥 비빔냉면 잔치국수 누룽지 간장 양념 매운 양념 단계 주먹밥 주문 돼지껍데기 계란찜 무한리필 기본 돼지껍데기 해장국 계란찜 무한리필 거만 소주 그냥 진심 가성 콩나물 해장국 국물 퐁신 계란찜 갈비 초벌 껍데기 안주 사실 생각 센스 주먹밥 필수 아시 크기 준비 갈비 간장 매운 양념 갈비 본적 사람 부분 살이 뼈쪽 불판 장갑 위생 장갑 그냥 발골 진심 존맛 매운 양념 인분 추가 초벌 껍데기 계란찜 리필 리필 일반 음식점 필요 마지막 결제 야쿠 루트 후식 수유역맛집 갈비 유점 숯불 직화 초벌 냄새 걱정 돼지껍데기 껍데기 무한리필 모든 소스 양념 육수 직접 갈비 유점 서울특별시 강북구 수유로 예약 블로그 체크 장소 수유역맛집 수유맛집 수유 갈비 수유고기집 수유 껍데기 갈비,수유역맛집 수유역고기집 수유역돼지껍데기 수유역쪽갈비 수유맛집 수유술집 하이라이트챌린지 쪽갈비 돼지껍데기 와와쪽갈비 와와쪽갈비수유점 수유역맛집 수유맛집 수유쪽갈비 수유고기집 수유껍데기 와와쪽갈비
27,수유역맛집 숯불 직화 구이 더욱 갈비 유점,수유역맛집 숯불 직화 구이 더욱 갈비 유점 주소 서울 강북구 수유로 영업 매일 라스트 전화번호 편의 시설 주차 포장 예약 단체 이용 가능 배달 수유역맛집 숯불 직화 구이 더욱 갈비 유점 역시 고기 숯불 화계역 가오리 위치 수유역 화계역 가오리 중심 식당 접근성 매우 고기 수유역맛집 숯불 직화 구이 갈비 유점 가게 진로 개구리 개구리 가방 모습 정말 가게 내부 메뉴판 한눈 보기 가게 외관 메뉴판 정말 마음 사장 갈비 초벌 셨습 초벌 갈비 모습 정말 먹음 주류 냉장고 가득 음료 가득 접근성 수유역맛집 인지 테이블 손님 가득 주말 방문 손님 더욱 가게 항상 손님 주말 유독 간혹 웨이팅 갈비 유점 수유역맛집 숯불 직화 구이 더욱 갈비 유점 재생 접기 수유역맛집 숯불 직화 구이 더욱 갈비 유점 기본 세팅 돼지껍데기 서비스 확인 껍데기 서비스 정말 혜자 갈비 갈비 주문 초벌 갈비 인원 일회용 장갑 장갑 아이시스 정말 마음 정말 사용 기도 비주 정말 물티슈 매운 간장 양념 금구 주문 주먹밥 주먹밥 처음 가루 더욱 콩나물국 살짝 갈비 정말 재료 계란찜 서비스 제공 계란찜 무한리필 간장 양념 갈비 갈비 인분 소금 구이 갈비 소금 구이 갈비 매운 비주 숯불 직화 구이 더욱 갈비 살짝 갈비 살이 정말 살이 주먹밥 비빔냉면 밑반찬 금방 콩가루 콩가루 보고 양념 소스 노릇 노릇 소금 구이 갈비 서비스 돼지껍데기 숯불 구이판 자태 정말 먹음 돼지껍데기 무한리필 숯불 직화 구이 더욱 갈비 사르르 비빔냉면 냉면 양도 정말 수유역맛집 갈비 유점 체적 음식 제공 제공 사이드 가지 정말 가성 맛집 장갑 숯불 금구 껍데기 노릇 노릇 콩가루 왕창 고기 주먹밥 보기 갈비 식사 출입문 갈비 유점 명함 치실 탈취 준비 결제 사장 서비스 요구르트 빨대 빨대 구비 요구르트 사장 직원 기본 제공 사이드 다가 음식 양도 갈비 갈비 유점 방문 갈비 유점 서울특별시 강북구 수유로 예약 블로그 체크 장소,
28,강북 수유고기집 갈비 리뷰,갈비 수유역맛집 수유고기집 수유역밥집 대한민국 갈비 남자친구 밥겸 근처 갈비 맛집 수유역 출구 간판 커서 매장 찾기 갈비 주소 서울 강북구 수유로 영업 매일 전화 갈비 유점 서울특별시 강북구 수유로 예약 블로그 체크 장소 갈비 갈비 매장 입구 초벌 필요 내부 내부 손님 금방 가족 손님 밥술 가게 메뉴판 소금 구이 갈비 간장 양념 갈비 매운 양념 갈비 단계 단계 주먹밥 잔치국수 물냉면 비빔냉면 누룽지 갈비 매일 인분 판매 초벌 정도 추가 주문 참고 기본 양파 절임 백김치 껍데기 소스 소스 매운 콩고 물이 갈비 장점 껍데기 무한리필 껍데기 양념 참숯 원래 껍데기 껍데기 갈비 껍데기 먼저 한잔 노릇 노릇 껍데기 사이즈 소스 안주 최고 고물 플러스 무한리필 껍데기 거기 해장국 계란찜 기본 해장국 소주 클리어 해장국 건더기 국밥 계란찜 진짜 계란찜 서비스 주시 사랑 주문 갈비 매운 양념 단계 인분 간장 양념 인분 초벌 때문 불판 갈비 순간 양념 냄새 얼른 양도 갈비 중간 중간 가위 커팅 먹기 고기 가위 필요 남자친구 장갑 갈비 진짜 보이시 정도 주먹밥 필수 주문 날치 가루 단무지 듬뿍 정도 라면 가성 날치 주먹밥 갈비 갈비 수유맛집 껍데기 무한리필 기도 갈비 자체 남자친구 갈비 소주 순삭 아주 양념 술술 식사 후식 요구르트 치실 센스 아주 갈비 갈비 만족,
29,수유역맛집 갈비 저녁 먹기,갈비 영업 매일 자주 수유역 갈비 갈비 사실 주말 저녁 방문 일찍 오니 웨이 창가 이후 만석 방문 추천 수유 갈비 메뉴판 소금 구이 인분 간장 인분 주먹밥 주문 갈비 기본 초벌 준비 정도 초벌 아주 기본 반찬 양념 콩가루 양파 절임 백김치 반찬 직접 엄마 최애 양파 절임 준비 아보 서비스 돼지껍데기 서비스 제대로 돼지껍데기 서비스 계란찜 콩나물 해장국 계란찜 리필 눈치 사람 정말 마음껏 감동 자체 사장 주문 주먹밥 가루 듬뿍 가장 먼저 소금 구이 인분 이제 사실 고기 수유역맛집 갈비 저녁 먹기 재생 접기 수유역맛집 갈비 저녁 먹기 고기 부분 살짝 기본 주시 매운 양념 소스 양념 소스 사람 가능 고기 정말 교정 편린 사람 주먹밥 아주 조화 소금 구이 간장 기대 역시 고기 정말 갈비 정도 돼지껍데기 먹기 통통 조심 조심 노릇 노릇 콩가루 돼지껍데기 쫀득하 아주 완벽 자체 복불복 고기 생각 라면 진짜 모든 고기 계산 갈비 초벌 수유역맛집 갈비 저녁 먹기 재생 접기 수유역맛집 갈비 저녁 먹기 전통 타지 반찬 갈비 모든 갈비 마무리 요구르트 수유역 갈비 무조건 가야 갈비 유점 서울특별시 강북구 수유로 예약 블로그 체크 장소 수유역맛집 수유리맛집 수유고기집 수유밥집 수유역밥집 수유 갈비,수유 와와쪽갈비 메뉴판 수유역맛집 수유리맛집 수유고기집 수유밥집 수유역밥집 수유쪽갈비
30,갈비 유점 간첩,갈비 유점 서울특별시 강북구 수유로 예약 블로그 체크 장소 수유맛집 수유 갈비 수유 매운 갈비 수유맛집 갈비 수유 갈비 갈비 한번 인생 끝발 어제 친구 동네 놀러와 한잔 친구 근처 맛집 고해 친구 갈비 유점 방문 갈비 부위 갈비 갈비 생각 갈비 갈비뼈 정도 나머지 갈비뼈 삼겹살 부위 갈비 갈비 외한 정도 부위 갈비 분리 머리 가까이 위치 부위 보시 돼지갈비 돼지 갈비 랍니 결론 사실 서론 제대로 설명 껍데기 무한리필 제공 계란찜 해장국 친구 갈비 방문 정도 운영 매일 이용 참고 아기 의자 는걸 보아 키즈 참고,수유맛집 수유쪽갈비 수유매운쪽갈비 수유맛집쪽갈비 수유갈비 와와쪽갈비
31,수유역맛집 수유역 회식 갈비,오늘 비도 고기 고민 수유역맛집 갈비 소개 수유역맛집 갈비 수유역 갈비 위치 서울 강북구 수유로 영업 매일 라스트 연락처 주차 가능 배달 예약 포장 가능 갈비 매장 주차장 수유역맛집 갈비 인테리어 수유리맛집 숯불 직화 구이 수유역맛집 갈비 남녀 노소 갈비 갈비 갈비 초벌 제공 먼저 장갑 착용 일회용 장갑 착용 뼈쪽 정도 갈비 누룽지 잔치국수 메뉴 소요 예약 미리 미리 입구 맛집 장내 원형 테이블 단체 모임 수용 정도 저녁 사람 주말 대기 양파 절임 소스 백김치 돼지껍데기 세팅 갈비 필수 장갑 준비 양파 진짜 입맛 문후 계란찜 돼지껍데기 서비스 혜자 갈비 수유역맛집 갈비 메뉴 수유리맛집 소금 구이 갈비 간장 양념 갈비 매운 양념 갈비 신라면 열라면 단계 주먹밥 잔치국수 누룽지 냉면 주문 간장 양념 갈비 인분 주먹밥 비빔냉면 주먹밥 진짜 인정 서비스 계란찜 정도 맛있엇어 갈비 돼지껍데기 먹기 초벌 간장 양념 갈비 그냥 비주 초벌 때문 진짜 갈비 친구 장갑 이제 준비 주먹 고기 먹기 살코기 소스 사이 냉면 냉면 진짜 마지막 돼지껍데기 클리어 완료 수유역맛집 갈비 추천 수유고기집 수유역맛집 갈비 주차 공간 최애 직접 초벌 살짝 진짜 사장 직원 돼지껍데기 계란찜 서비스 혜자 갈비 매장 회식 계산 요구르트 센스 근처 갈비 자주 갈비 유점 서울특별시 강북구 수유로 예약 블로그 체크 장소 수유역맛집 수유리맛집 수유고기집 수유밥집 수유역밥집 수유맛집 수유 갈비 갈비,수유역맛집 수유리맛집 수유고기집 수유밥집 수유역밥집 수유맛집 수유쪽갈비 와와쪽갈비
32,수유역 갈비 맛집 껍데기 무한리필 갈비,오늘 수유역 위치 갈비 맛집 갈비 요기 갈비 주문 껍데기 계란찜 해장국 무한리필 제공 갈비 이외 구성 지금 갈비 소개 서울 강북구 수유로 매일 주차 포장 예약 배달 가능 위치 수유역 출구 정도 수유역 화계역 사이 위치 주차 매장 오시 갈비 어차피 한잔 테이블 원형 테이블 정도 생각 모임 갈비 메뉴 소금 간장 양념 매운 양념 종류 인분 주문 사이드 메뉴 주먹밥 물냉면 비빔냉면 잔치국수 누룽지 간장 양념 갈비 인분 매운 양념 갈비 인분 주먹밥 참이슬 주문 불과 밑반찬 소스류 백김치 양파 장아찌 껍데기 갈비 초벌 주기 때문 주문 소요 갈비 껍데기 먼저 곧바로 계란찜 해장국 해장국 원래 갈비 주문 해장국 껍데기 노릇 노릇 콩가루 쫀맛 껍데기 진짜 무한리필 제공 맥주잔 파란색 파란색 맥주 파랑 노랑 소맥 매운 양념 갈비 간장 양념 갈비 인분 이구 갈비 아래쪽 가게 정도 어차피 타도 상관 살이 간장 양념 달달 완전 취향 소금 간장 매운 양념 원픽 간장 자극 주신 매운 소스 남자친구 매운 소스 간장 매운 양념 갈비 정도 자극 매운 양념 이분 정도 남자친구 원픽 매운 양념 매운 양념 단계 단계 조절 매운 단계 사이드 주먹밥 주문 바가지 보고 김이랑 단무지 날치 듬뿍 가성 취향 저격 주먹밥 야쿠르트 인원 마지막 입가심 갈비 유점 후기 커플 보통 고깃집 가면 인분 요기 갈비 이외 계란찜 껍데기 해장국 무한리필 제공 갈비 인분 맛집 배달 주문 계속 근처 사시 배달 매장 무지 최대 단점 매장 모임 직원 기분 갈비 유점 서울특별시 강북구 수유로 예약 블로그 체크 장소,
33,수유동 화계역 갈비 유점,수유역 화계역 사이 어딘가 위치 갈비 다가 한번 이사 이후 거리 돼지 택시 타고 택시 짜증 런런 불금 웨이팅 당일 한정 수량 판매 사실 매운 갈비 잔치국수 소주 맥주 백김치 양파 장아찌 밑반찬 콩나물 김칫국 계란찜 서비스 돼지껍데기 서비스 완전 갈비 돼껍 맛집 갈비 초벌 껍데기 순삭 돼껍 먹음 갈비 타지 살짝 매운 전혀 박사 회사 동생 데블 소스 소스 고기 조화 아주 덩생 국수 귀신 라스트 잔치국수 국수 사실 핵노맛 추천 껍데기 갈비 젭알 갈비 유점 서울특별시 강북구 수유로 예약 블로그 체크 장소,
34,수유 갈비 맛집 추천 갈비 돼지껍데기 무한리필,애갱 고기 해산물 처음 갈비 갈비 수유 맛집 가지 수유 갈비 맛집 갈비 갈비 쫄깃 불향 사악 서비스 국도 판매 정도 갈비 인생 손해 후기 아래 참고 갈비 유점 서울특별시 강북구 수유로 예약 블로그 체크 장소 주소 서울특별시 강북구 수유로 영업 매일 오후 목차 외부 메뉴 내부 외부 수유역 출구 도보 거리 수유역 대중교통 가기 금요일 저녁 방문 정도 웨이팅 정도 원래 웨이 메뉴 메뉴 수유 맛집 갈비 갈비 판매 금구 간장 양념 매운 양념 매운 양념 단계 단계 신라면 열라면 정도 사이드 메뉴 주먹밥 잔치국수 냉면 누룽지 내부 내부 깡통 테이블 위주 가운데 회식 단체 사람 가게 내부 연기 살짝 직원 환풍기 위치 조정 식사 자리 직원 위생 진심 신지 정말 기억 남아 화장실 검정 남녀 공용 구조 세면대 소변기 앞쪽 남자 여자 수유 갈비 경우 초벌 간장 양념 주문 갈비 돼지껍데기 소스 돼지껍데기 리필 반찬 백김치 양파 절임 소스 인절미 가루 매콤 소스 갈비 초벌 직화 구이 바삭 쫀득해 평소 껍데기 요건 해장국 계란찜 해장국 해장국 장사 정도 국물 계란 도리 참고 계란찜 리필 살코기 보이시 간장 양념 달달 무난 간장 조림 매운 양념 진좌 단계 단계 보고 주먹밥 날치 그득 톡톡 공간 냉면 갈비 살이 그른 기약 서비스 요구르트 감동 수유역 도보 거리 평일 저녁 웨이 돼지껍데기 리필 가능 계란찜 해장국 리필 가능 매운 양념 갈비 추천 은근 방문 의사 요구르트 써비 스까 수유 갈비 갈비 갈비 맛집 인정 갈비 사이드 메뉴 포스팅,
35,광고 수유 매운 갈비 갈비 유점 반한,오늘 최근 갈비 유점 대한 후기 날씨 고기 친구 갈비 껍데기 계란찜 해장국 무한리필 제공 맛집 상상 해도 군침 먼저 주차 차로 가기 주차 걱정 마음껏 정말 기분 가게 내부 금세 주문 고기 대감 갈비 향기 유혹 고기 어물 이건 진짜 외치 갈비 정말 양념 껍데기 정말 쫄깃 식감 매력 껍데기 무한 진짜 기분 계란찜 고기랑 완전 찰떡 궁합 해장국 진짜 해장 아침 숙취 무한리필 직원 고기 체크 주시 서비스 결론 갈비 유점 고기 가야 맛집 껍데기 계란찜 해장국 무한리필 완전 고기 갈비 유점 서울특별시 강북구 수유로 예약 블로그 체크 장소,
36,수유역 맛집 갈비 숯불 직화 구이,숯불 직화 구이 갈비 소개 모든 양념 소스 육수 직접 대표 메뉴 정석 자랑 갈비 숯불 초벌 갈비 살이 계란찜 돼지껍질 서비스 영업 매일 라스트 위치 수유역 출구 남동생 누나 생일 호텔 뷔페 생각 자고 거리 수유역 숯불 직화 구이 갈비 선택 입구 카운터 갈비 초벌 항상 사람 서비스 계란찜 돼지껍질 기본 반찬 소스 갈비 소금 구이 간장 양념 매운 양념 가지 정석 간장 양념 매운 양념 주문 초벌 갈비 다시 한번 아주 먹음 장갑 본격 시동 쭈욱 콩가루 돼지껍질 올케 술잔 소주 사진 재생 잔치국수 누룽지 누룽지 입가심 갈비 유점 서울특별시 강북구 수유로 예약 블로그 체크 장소 수유역 갈비 간만,
37,수유맛집 갈비,수유 미팅 미팅 친구 한잔 수유 맛집 친구 갈비 서울 강북구 수유로 생각 자리 단체 모임 시기 메뉴 소금 갈비 간장 양념 갈비 매운 양념 갈비 가지 준비 생각 자리 단체 모임 시기 반찬 계란찜 해장국 껍데기 모든 무한리필 가성 반찬 소주 한잔 시작 갈비 기지 재미 직원 그냥 먹기 두께 살이 간장 양념 아주 짭쪼롬 갈비 매운 갈비 주문 양념 단계 단계 단계 매운 양념 단계 정도 매콤 마무리 껍데기 완벽 기본 주시 껍데기 기대 별로 쫀득 주먹밥 주문 사이드 메뉴 잔치국수 물냉면 냉면 누룽지 취향 선택 갈비 유점 서울특별시 강북구 수유로 예약 블로그 체크 장소 수유맛집 수유 갈비 수유 매운 갈비 수유맛집 갈비 수유 갈비 갈비,수유맛집 수유쪽갈비 수유매운쪽갈비 수유맛집쪽갈비 수유갈비 와와쪽갈비
38,수유역 맛집 갈비 초벌 갈비,갈비 유점 초벌 쫄깃 갈비 맛집 소금 구이 간장 양념 매운 양념 가지 영업 매일 요즘 갈비 남자친구 수유 갈비 갈비 유점 오늘 오픈 날씨 벌써 폴딩도어 활짝 가게 날씨 바짝 착석 봄바람 솔솔 분위기 냄새 사람 내부 테이블 정말 고깃집 냄새 바닥 첫인상 가게 사장 갈비 먹기 신뢰 상승 메뉴 소금 구이 갈비 간장 양념 갈비 매운 양념 갈비 갈비 가지 갈비 준비 금구 인분 이상만 주문 매운 양념 단계 조절 가능 간장 양념 인분 주문 갈비 사이드 메뉴 주먹밥 냉면 잔치국수 누룽지 역시 단백질 탄수화물 고민 주먹밥 주문 갈비 매일 인분 판매 조기 소진 마감 대량 왕창 신뢰 느낌 초벌 때문 정도 소요 흐름 돼지 주문 날씨 여름 겨울 이유 테라스 자리 가능 공복 초벌 갈비 방법 정독 어차피 한번 초벌 갈비 아래쪽 정도 밑반찬 백김치 양파 장아찌 크게 기대 반찬 가든 밑반찬 메인 메뉴 생각 간장 장아찌 리필 해먹 정도 상큼 서비스 무려 돼지껍데기 돼껍 달라 헤헤 먼저 돼지갈비 갈비 역시 숯불 불향 솔솔 서비스 선지국 찌개 콩나물 배추 시원 분명 선짓국 선지 주파 갈비 안주 되겄어 사레 주의 서비스 계란찜 사이드 메뉴 서비스 자꾸 사장 떼돈 버세 송송 계란찜 정석 갈비 등장 살코기 비주 초벌 아래쪽 가게 은근 숯불 양념 요리조리 인분 갈비 정도 갈비 이서 인분 사이드 메뉴 라면 인분 장갑 비닐 장갑 비닐 장갑 한참 장갑 본격 갈비 타임 갈비 사리 노릇 노릇 예전 갈비 숯불 고기 실내 연기 가득 차서 기억 환기 시스템 폴딩도어 생각 갈비 살코기 부분 칼집 고기 쫄깃 불향 간장 양념 입맛 불고기 주먹밥 날치 후리 가루 단무지 간이 간장 양념 매운 양념 갈비 초벌 갈비 속도 갈비 계산 나오니 후식 요구르트 추억 요구르트 입가심 수유역 근처 갈비 갈비 유점 갈비 유점 서울특별시 강북구 수유로 예약 블로그 체크 장소,
39,수유 갈비 맛집 껍데기 계란찜 무한리필 갈비 맛집 갈비 유점,이제 금요일 오후 마무리 이웃 한주 체력 멘탈 오늘이 퇴근 꼬심 동료 수유역 갈비 맛집 포스팅 마무리 포스팅 보신 요즘 갈비 수유역 맛집 지사 근무 꼬셔 방문 서울 강북구 수유로 갈비 유점 매장 앞쪽 진로 금뚜 계란찜 껍데기 무한리필 땅땅 앞치마 준비 센스 주문 밑반찬 계란찜 엄마 해주시 해장국 번갈아 먹기 갈비 초벌 불판 셋팅 무한리필 나중 살짝 양념 건강 도리 포기 수가 동료 사진 소주잔 컬러 사진 양념 갈비 주먹밥 갈비 양념 기도 조절 주먹밥 요즘 잔뜩 탄수화물 당일 준비 고기 소진 솔드아웃 주말 참고 장소 아래 지도 첨부 갈비 유점 서울특별시 강북구 수유로 예약 블로그 체크 장소 체인점 서울 오늘 불금 이웃 불금 공유 주도 정말 고생,
40,갈비 유점,젤루죠은 달뭉 최근 갈비 무척 수유 맛집 미가 추천 갈비 거기 거기 생각 완전 리뷰 총총 메뉴 메인 소금 갈비 양념 갈비 매운 갈비 사이드 물냉 비냉 잔치국수 누룽지 매운 주먹밥 달뭉이 양념 갈비 소금 갈비 주문 인분 적기 기분 뭔가 조기 마감 기분 원래 달뭉 기분 밑반찬 돼지껍데기 백김치 양파 짱아찌 양념장 콩가루 숯불 껍데기 껍데기 사이드 갈비 돼지껍데기 완전 서비스 계란찜 원래 계란찜 미가 매운 주먹밥 완전 추천 매운 주먹밥 양념 소스 완전 추천 매운 강도 조절 감칠맛 완전 장갑 가위 집게 수저 장갑 비닐 장갑 갈비 초벌 먹기 칼집 이빨 달뭉이 미가 양념장 완전 이건 양념 갈비 미가 의문 갈비 제일 추가 양념 갈비 주문 고기 살이 개인 담번 가면 매운 갈비 보고 위장 컨디션 별로 집중 사진 방문 의사 직원 오늘 갈비 유점 서울특별시 강북구 수유로 블로그 체크 장소 수유역 출구 우측 수유동 약국 보이시 우회 직진 갈비,
41,수유 맛집 갈비,집사 깜하 갈비 유점 영업 매일 위치 호선 수유역 출구 도보 수유 사거리 방면 병원 우측 통로 화계사 방면 무료 주차 가능 전화번호 동네 사람 동생 크로스핏 점심 저녁 참고 다섯시 서로 위안 식당 껄껄 세상 발걸음 룰루 대한민국 웨이 진짜 다섯시 오픈 매일 인분 판매 메뉴판 양념 갈비 매운 갈비 주먹밥 주문 진로 테라 숯불 오늘 등장 밑반찬 돼지껍데기 콩가루 안주 양파 짱아찌 주먹밥 등장 오늘 언니 로서 주먹밥 돼지껍데기 미리 두기 주문 갈비 정도 꿀꿀 나보이 동생 갈비 항상 음식 한쪽 갈비 유점 서울특별시 강북구 수유로 블로그 체크 장소 갈비 갈비 진짜 자주 가요 갈비 양념 계란찜 돼지껍데기 무한리필 동생 계란 진짜 계란찜 돼껍 직원 완전 강추 집사 갈비 유점 후기 수유역맛집 수유 술집 서이추 환영 서이추 갈비,수유역맛집 수유술집 서이추환영 서이추 와와쪽갈비
42,숯불 직화 구이 갈비 유점,종종 갈비 가게 토요일 저녁 방문 만석 주문 간장 양념 매운 양념 냉면 주먹밥 가게 직원 분업 기본 반찬 갈비 껍데기 계란찜 무한리필 해장국 어쩐지 테이블 주병 반찬 초벌 때문 음식 비주 장난 매운 단계 단계 선택 단계 그냥 양념 부드러움 개인 간장 양념 주먹밥 뭐해 때문 냉면 시원 그냥 냉면 일일이 갈비 수유 저녁 외식 고민 한번 가게 주차 전용 주차장 갈비 유점 서울특별시 강북구 수유로 예약 블로그 체크 장소,
43,수유맛집 수유 갈비 가성 갈비 유점,갈비 유점 서울특별시 강북구 수유로 예약 블로그 체크 장소 오늘 가족 모임 수유 맛집 갈비 유점 대해 소개 지난 주말 가족 정말 먼저 대표 메뉴인 갈비 갈비 정말 매운 어른 매운 매운 음식 갈비 주먹밥 조합 정말 최고 주먹밥 갈비 소스 정말 일품 보석 메뉴 껍데기 껍데기 쫄깃 쫄깃 갈비 정말 일품 어른 메뉴 집의 매력 포인트 무한 리필 계란찜 계란찜 계속 가성 정말 최고 계란찜 무한 필로 제공 가족 모임 부담 계란찜 정말 계속 달라 음식 가격 정말 장점 가족 메뉴 가격 생각 매장 분위기 아주 직원 서비스 기분 식사 매장 분위기 가족 모임 친구 식사 자리 수유맛집 수유 갈비 수유 매운 갈비 수유맛집 갈비 수유 갈비 갈비,수유맛집 수유쪽갈비 수유매운쪽갈비 수유맛집쪽갈비 수유갈비 와와쪽갈비
44,계란찜 껍데기 무한리필 골목 맛집 갈비 유점,오늘 강북구 수유동 위치 갈비 유점 소개 지난 주말 부모님 모시 갈비 유점 방문 여러 수유 맛집 권유 매운 갈비 전문 가족 외식 최적화 공간 랍니 입구 직원 내부 좌석 위생 주차 시설 방문 계란찜 껍데기 무한리필 반찬 역시 엄마 아빠 신지 나이 신지 갈비 유점 숯불 직화 구이 전문점 모든 양념 소스 육수 직접 사용 래서 음식 정말 매콤한 갈비 입맛 간장 갈비 자극 엄마 아빠 남녀 노소 먹거리 초벌 불판 살짝 더욱 소주잔 컬러 사진 수유동 맛집 가족 외식 갈비 유점 방문 다시 맛집 리스트 매일 라스트 연중 갈비 유점 서울특별시 강북구 수유로 예약 블로그 체크 장소 서울 강북구 수유로,
45,수유역 갈비 맛집 계란찜 돼지껍데기 무한리필 갈비,유화 갈비 맛집 계란찜 돼지껍데기 무한리필 갈비 여름 근처 갈비 맛집 갈비 원래 갈비 갈비 가면 갈비 이제 입맛 갈비 정보 후기 포스팅 기본 정보 위치 운영 이용 가능 예약 갈비 유점 서울특별시 강북구 수유로 예약 블로그 체크 장소 위치 서울특별시 강북구 수유로 수유역 출구 도보 영업 매일 라스트 이용 가능 주차 가능 포장 예약 단체 이용 배달 숯불 직화 구이 전문점 갈비 모든 양념 소스 육수 직접 예약 네이버 예약 유선 소통 주차 가게 골목 대시 갈비 매일 인분 준비 재료 소진 마감 재료 메뉴 매장 내부 메뉴 소금 구이 갈비 간장 양념 갈비 매운 양념 갈비 단계 단계 사이드 주먹밥 잔치국수 물냉면 비빔냉면 누룽지 가게 내부 갈비 방법 갈비 갈비 아래 시공 고기 정도 초벌 정도 처음 장갑 가위 집게 셋팅 장갑 비닐 장갑 장갑 비닐 장갑 끼십숑 고기 내부 숯불 직접 원형 테이블 로만 구성 의자 뚜껑 관할 테이블 테이블 정도 음식 식사 밑반찬 랍니 양파 장아찌 백김치 콩나물 해장국 계란찜 돼지껍데기 콩가루 매운 소스 밑반찬 메인 갈비 대신 밑반찬 소주 정도 양도 매운 양념 갈비 간장 양념 갈비 인분 인분 필수요소 물냉면 이제 본격 아주 돼지 껍데기 졸맛 갈비 갈비 살이 먹기 고기 먼저 겠죵 진짜 갈비 갈비 오늘 박살 계란찜 리필 돼지껍데기 리필 소스 리필 리필 한번 리필 여자 남자 가성 생각 센스 요구르트 사장 직원 자주 기억 기억 단골 된거 수유 맛집 갈비 맛집 갈비 수유 갈비 갈비 안주 냉면 계란찜 돼지껍데기 무한리필 갈비 후기 요기 수유 근처 맛집 카페 수유역 애견 동반 카페 추천 디저트 맛집 훌리 데이 수유역 애견 동반 카페 추천 디저트 맛집 훌리 데이 여름,화계 수유 맛집 쪽갈비맛집 쪽갈비 수유쪽갈비 화계쪽갈비 안주 냉면 계란찜 돼지껍데기 무한리필 와와쪽갈비
46,가기 갈비 유점,오늘 수유맛집 갈비 유점 소개 갈비 유점 위치 서울 강북구 수유로 갈비 유점 서울특별시 강북구 수유로 예약 블로그 체크 장소 갈비 유점 숯불 직화 구이 전문점 모든 양념 소스 육수 직접 아주 자부심 가지 영업 눈길 영업 월요일 일요일 오후 새벽 운영 저녁 운영 걱정 방문 라스트 오후 참고 메뉴 간장 양념 갈비 매운 양념 갈비 매운 먹기 간장 갈비 한잔 껍데기 어른 메뉴 무한리필 매콤한 갈비 매콤 매콤한 입맛 정말 감칠맛 개인 단계 주문 생각 듭니 가게 내부 주차 경우 수유 갈비 방문 수유맛집 수유 갈비 수유 매운 갈비 수유맛집 갈비 수유 갈비 갈비,수유맛집 수유쪽갈비 수유매운쪽갈비 수유맛집쪽갈비 수유갈비 와와쪽갈비
47,술안주 수유맛집 갈비 유점 방문,딸기 수아 친구 수유역 수유 매운 갈비 친구 수유맛집 갈비 유점 방문 영업 월요일 일요일 오후 새벽 라스트 오후 연중 서울 강북구 수유로 도착 매운 갈비 냄새 진짜 가면 정말 매운 갈비 한번 매콤 정말 숯불 직화 구이 숯불 면서 간이 정말 모든 양념 소스 육수 사장 직접 정성 음식 소주 안주 해장국 껍데기 껍데기 정말 정말 쫄깃 이입 해장국 껍데기 주먹밥 정말 입맛 최고 가성 비도 사장 정말 좌석 회식 가족 모임 정말 친구 가족 끼리 갈비 유점 서울특별시 강북구 수유로 예약 블로그 체크 장소 수유맛집 수유 갈비 수유 매운 갈비 수유맛집 갈비 수유 갈비 갈비,수유맛집 수유쪽갈비 수유매운쪽갈비 수유맛집쪽갈비 수유갈비 와와쪽갈비
48,저기압 수유 갈비 맛집 갈비,오늘 수유 위치 갈비 맛집 소개 갈비 유점 서울특별시 강북구 수유로 예약 블로그 체크 장소 갈비 위치 서울시 강북구 수유로 운영 매일 주차 무료 주차 가능 갈비 수유 골목 위치 강북구 체인 저기압 수유 갈비 맛집 갈비 재생 접기 저기압 수유 갈비 맛집 갈비 매장 내부 고기 먹기 사람 알바 분도 저녁 사람 맛집 계란찜 돼지껍데기 서비스 이득 수가 고기 초벌 금구 매운 양념 짝꿍 매운 단계 열라면 정도 맵기 단계 저기압 수유 갈비 맛집 갈비 재생 접기 저기압 수유 갈비 맛집 갈비 바깥 보시 초벌 과정 직접 위생 주먹밥 가루 날치 알밥 인분 먼저 돼지껍데기 챱챱 소금 구이 먼저 주방 이모 주먹밥 식지 바삭 존맛 서비스 계란찜 서비스 콩나물 국도 해장 신라면 해장 느낌 초벌 바짝 고해 별로 짝꿍 일일 고생 껍데기 먼저 시중 껍데기 껍데기 양념 전체 요런 느낌 콩나물국 갈비 주먹밥 양념 갈비 금방 순삭 야쿠르트 서비스 맛집 기본 후식 야쿠르트 식사 서비스 기분 식사 수유 갈비 추천 추천,
49,수유 맛집 갈비 유점,이웃 혤미입니 하루 며칠 수유 갈비 맛집 매장 회식 모임 보이 데리 오기 소개 갈비 유점 서울특별시 강북구 수유로 예약 블로그 체크 장소 갈비 유점 서울특별시 강북구 수유로 주차 주차 공간 마련 주차 주문 갈비 계란찜 돼지껍데기 서비스 주시 계란찜 돼지껍데기 무한리필 사이드 반찬 퀄리티 주문 갈비 한번 초벌 살짝 초벌 고기 냄새 금방 매운 양념 주문 매운 양념 매콤 매운 가격 대비 양도 판이 음식 고기 기고 고기 소주 주문 마법 요즘 별로 입맛 정말 음식 수유 자주 맛집 리스트 추가 사장 청결 방문 소정 원고료 제공 작성 수유맛집 수유 갈비 수유 매운 갈비 수유맛집 갈비 수유 갈비 갈비,수유맛집 수유쪽갈비 수유매운쪽갈비 수유맛집쪽갈비 수유갈비 와와쪽갈비
50,수유맛집 갈비 유점 갈비,친구 수유 매운 갈비 맛집 데리 갈비 유점 소개 친구 정말 며칠 매운 갈비 친구 약속 잡고 매장 가족 여러 모임 은근 자리 인원 가기 매운 양념 간장 양념 주먹밥 주문 냄새 생각 간장 간이 매운 간장 양념 양념 자꾸 주문 주먹밥 완전 최고 조합 한번 정말 젓가락 숟가락 진짜 초반 친구 계속 먹기 최고 껍데기 계란찜 무한리필 무한리필 퀄리티 껍데기 계란찜 친구 평소 양보 초과 진짜 정말 주차 자주 수유맛집 고민 서서 갈비 유점 갈비 유점 서울특별시 강북구 수유로 예약 블로그 체크 장소,
51,유리 갈비 맛집 갈비,마링 오늘 유리 갈비 숯불 직화 구이 갈비 유점 수유역 출구 거리 가까이 매장 오니 벌써 냄새 평일 불구 만석 주말 웨이팅 반쪽 갈비 양념 갈비 초벌 서비스 껍데기 계란찜 주먹밥 조합 테이블 사장 직접 갈비 초벌 갈비 슻불 한번 정말 쫄깃 역시 고기 진리 절대 기지 주먹밥 셀프 불판 재미 주먹밥 처음 직접 주막 모습 껍데기 예정 소주 한잔 초벌 모습 초벌 고기 원통 초벌 주말 친구 갈비 계란찜 서비스 가족 외식 친구 매콤한 양념 갈비 껍데기 한잔 인분 한정 가야 주말 유리 맛집 검색 갈비 유점 서울특별시 강북구 수유로 유리 갈비 매운 갈비 갈비 갈비 맛집,수유리 매운 와와쪽갈비 쪽갈비
52,갈비 유점 씨엠쏭,동네 작곡가 요즘 이용 개인 관심 음악 일상생활 음악 자가 지금 컨셉 고요 갈비 유점 서울특별시 강북구 수유로 예약 블로그 체크 장소 먼저 고온 갈비 유점 씨엠송 갈비 유점 재생 접기 갈비 유점 수유리맛집 숯불 직화 구이 전문점 갈비 리뷰 동네 기자 가기 모임 어플 서울 강북구 유리 갈비 벙개쳐 숯불 직화 향기 이제 시작 간장 매운 양념 향연 숯불 갈비 입안 가득 직접 양념 소스 재료 갈비 간장 매운 양념 향연 숯불 갈비 입안 가득 직접 양념 소스 재료 주먹밥 누룽지 순간 갈비 다시 갈비 벙개쳐 노래 음식점 소개 응원,
53,수유맛집 갈비 유점,갈비 갈비 계속 오늘 수유 갈비 맛집 소개 갈이 유점 갈비 유점 서울특별시 강북구 수유로 예약 블로그 체크 장소 갈비 유점 서울 강북구 수유로 위치 수유역 출구 도보 거리 위치 운영 매일 오후 오전 운영 라스트 오후 전화번호 그냥 갈비 지인 갈비 권유 처음 갈비 정말 요즘 한창 음식 수유 매운 갈비 갈비 유점 갈비 유점 수유맛집 반찬 정말 가성 맛집 갈비 유점 껍데기 계란찜 무한리필 제공 계란찜 무한리필 번은 어른 맛집 나중 가족 모임 갈비 유점 방문 사장 서비스 식사 골목 맛집 수유맛집 갈비 유점 방문,
54,안나 갈비 유점 쪽길비 맛집 추천,체리 로그 오늘 갈비 유점 갈비 맛집 소개 갈비 유점 갈비 유점 서울특별시 강북구 수유로 이름 갈비 유점 이구 몇개 지점 벌써 갈비 냄새 메뉴 일반 양념 갈비 가지 구분 인분 일반 양념 인분 주문 메뉴 선택 숯불 세팅 해주시 껍데기 구우 준비 껍데기 갈비 미리 초벌 프로 정도 상태 불판 매운 양념 신라면 정도 조정 선택 신라면 정도 매콤 갈비,
55,수유역 맛집 수유 갈비 갈비,갈비 유점 서울특별시 강북구 수유로 예약 블로그 체크 장소 갈비 유점 영업 매일 라스트 어제 보고 갈비 갈비 방문 갈비 작년 이후 한번 정도 방문 맛집 위치 수유역 출구 수유 메인 골목 거리 가게 전경 가격 포장 사장 주문 초벌 정도 소요 때문 미리 가게 내부 토요일 저녁 모든 테이블 충전기 충전 가능 갈비 소금 구이 간장 양념 매운 양념 인분 매운 양념 단계 단계 단계 단계 때문 단계 추천 사이드 주먹밥 잔치국수 물냉면 비빔냉면 누룽지 비빔냉면 잔치국수 주먹밥 개인 냉면 추천 잔치국수 갈비 주문 세이 셋팅 장갑 가위 집게 주시 백김치 장아찌 김치 밑반찬 초벌 주시 껍데기 초벌 때문 껍데기 장갑 비닐 장갑 밑반찬 계란찜 김치 소스 갈비 매운 소스 껍데기 콩가루 주먹밥 주먹밥 갈비 잔치국수 잔치국수 양도 유부도 간장 양념 갈비 매운 양념 갈비 인분 매운 양념 단계 갈비 간장 양념 단계 초벌 때문 노릇 노릇 갈비 갈비 소맥 한잔 천상 간장 양념 갈비 매운 양념 갈비 진짜 사이드 주먹밥 잔치국수 인지 갈비 인분 가게 직원 항상 실망 맛집 요구르트 서비스 주심,
56,갈비 유점 갈비 맛집 가족 외식 추천,갈비 배달 외식 평소 갈비 얘기 친구 예전 동네 진짜 갈비 식당 정도 주차 공간 기계 초벌 갈비 진짜 둘이서 소주 먹음 초벌 추가 주문 미리 미리 하니 미리 미리 주문 볼때 항상 만석 저녁 사람 간장 양념 갈비 매운 양념 갈비 인분 인분 주문 누룽지 주문 먹기 사진 장갑 사람 장갑 비닐 장갑 비닐 안주 목장 비닐 장갑 머쓱 계란찜 배추 기본 소주 주문 생각 갈비 비주 매콤한 정도 정도 개취 간장 원래 소금 간장 소금 간장 생각 갈비 부분 껍데기 기본 껍데기 집도 껍데기 아주 입구 아기 의자 탈취 치실 충전기 빨대 센스 비치 갈비 술술 간만 부족함 전반 가격 갈비 유점 서울특별시 강북구 수유로 예약 블로그 체크 장소 갈비 갈비 맛집 수유역맛집 수유맛집 수유역 고기 미아 맛집 수유맛집 데이트 수유 외식 추천 수유 회식 추천 수유 단체 모임,와와쪽갈비 쪽갈비맛집 수유역맛집 수유맛집 수유역고기집 미아맛집 수유맛집데이트 수유외식추천 수유회식추천 수유단체모임
57,친구 수유역 수유 맛집 시기,친구 당일치기 당직 스케줄 근무 친구 맛집 갈비 유점 위치 수유역 출구 도보 영업 매일 라스트 갈비 유점 서울특별시 강북구 수유로 예약 블로그 체크 장소 갈비 전문점 가지 갈비 간장 양념 매운 양념 종류 친구 부심 매운 양념 고고 친구 간장 양념 간장 양념 매운 간장 양념 매운 양념 취향 간장 양념 다시 매운 양념 고기 질도 퍽퍽 살이 살살 발라 사장 기본 밑반찬 전체 서비스 안주 껍데기 계란찜 무한리필 이서 인분 박살 좌석 단체 모임 갈비 갈비 유점 방문 오늘 얘기 소정 원고료 지원 작성,
58,수유역 저녁 추천 외식 갈비 맛집 소금 간장 양념 갈비,갈비 유점 서울특별시 강북구 수유로 예약 블로그 체크 장소 영업 매일 라스트 주소 서울 강북구 수유로 전화 주차 가능 수유역 인근 숯불 갈비 맛집 숯불 고기 항상 고기 고기 옛날 광명시 갈비 단골 사장 소맥 런가 갈비 대한 기억 항상 추억 회상 방문 소맥 맛집 리뷰 출발 갈비 메뉴판 매장 사람 사진 거임 메뉴 간장 양념 갈비 인분 매운 양념 갈비 단계 인분 주문 매운 양념 갈비 조절 단계 단계 지라 최고 단계 무난 먹음 매운 천연 매운 캡사이신 매운 편차 갈비 매일 정량 준비 판매 초벌 때문 주문 갈비 정도 주말 저녁 항상 웨이팅 초벌 밑반찬 더기 백김치 콩가루 양념 소스 양파 절임 계란찜 계란찜 껍데기 무한리필 갈비 시작 껍데기 육류 노릇 노릇 껍데기 보라 마침내 메인 메뉴 갈비 초벌 자태 노릇 노릇 이제 아래 숯불 음주 안주 때문 소량 타입 처음 껍데기 잇님들 고기 정말 정말 타입 갈비 자주 고기 자주 방문 달달 간장 양념 갈비 매운 양념 갈비 입맛 오늘 클리어 돼지 폭발 도대체 금주 거임 손님 테이블 청소 후드 가게 오늘 금주 실패 연말 갈비 후기 방문 의사 오늘 점수 오늘,
59,수유 갈비 먹기 수유 탐방,갈비 유점 서울특별시 강북구 수유로 예약 블로그 체크 장소 갈비 갈비 폭립 고기 역시 숯불 장갑 착용 장갑 사람 돼지껍데기 계란찜 무한리필 김치 콩나물국 기본 상차림 갈비 한잔 먹기 우린 세명 계란찜 주심 혜자 가게 간장 양념 인분 제일 간장 양념 간장 주변 간장 본격 준비 금방 껍데기 정도 리필 먹음 한강 껍데기 입문 돼지 껍데기 이제 후훗 요구르트 주심 빨대 빨대 쪽쪽 초벌 기계 손님 직원 지인 젓가락 소리 주시 미슐랭 서비스 갈비 계란찜 돼지껍데기 무한리필 매력 가구 차로 술집 혼술러들 늙은이 오기 맥주 한잔 술집 피자 취하 안주 주섬주섬 주머니 버릇 조각 휴지 고이 대론 외치 술집 메뚜기 주변인 오늘 맘껏 감샤 감샤 된장 소스 불토 수유 수다 잔뜩,
60,강북 수유 수유역술집 이자카야 추천 이자카야 토라 유점,오늘 강북구 위치 이자카야 토라 유점 후기 이자카야 토라 유점 서울특별시 강북구 노해로 블로그 체크 장소 이자카야 토라 유점 영업 매일 문의 인스타그램 수유역 출구 근처 골목 길찾기 가성 안주 안주 준비 이자카야 토라 가게 내부 곳곳 호랑이 호랑이 이름 오늘 토라 방문 창가 만석 이자카야 토라 유점 오픈 수유역 친구 전단지 방문 창가 만석 이자카야 토라 유점 주문 테이블 주문 토라 메뉴 출시 한라 감귤 빙수 레인보우 빙수 연어 사시미 나쵸 레터 퀘사디아 치킨 타코 토라 철판요리 노미 베이컨 감자전 노미 페페로니 노미 노미 차돌 야끼소바 토라 나베 요리 해물짬뽕 오뎅 밀페 유나 파스 해물 누룽지 돈까스 김치 토라 일품 요리 소고기 바지락 술찜 명란 구이 고추장 육회 토라 멕시칸 요리 나쵸 레터 불고기 깻잎 타코 치킨 타코 시디아 미트 칠리 포테이토 이자카야 술집 멕시칸 요리 판매 처음 이자카야 토라 유점 멕시칸 여행 가요 기본 안주 젓가락 남자친구 이자카야 토라 유점 노래 신청 친구 신청 신청 노래 테이블 헌팅 호감 표시 요즘 세상 퇴근 방문 맥주 남자친구 하이 리얼 과일 하이 망고 켈리 생맥주 모든 하이 알콜 변경 가능 리얼 과일 망고 재미 소고기 노미 저번 친구 방문 대표 메뉴 오코노미야끼 감자전 그것 오늘 남자친구 새우 오코노미야끼 주문 생각 새우 재료 철판요리 전문점 테이블 청곡 계속 신청 모니터 노래 영상 신청 서비스 주신 초코 붕어빵 아이스크림 달달 아시 마무리 달달 이자카야 토라 사장 인심 저번 방문 과일 기억 최고 최고 안주 맛집 수유역 이자카야 추천 수유맛집 수유이자카야 이자카야 토라 수유 하이 수유 술집 수유역,수유맛집 수유이자카야 이자카야토라 수유하이볼 수유술집 수유역
61,강북 수유역 가성 술집 분위기 이자카야 토라,오늘 가성 분위기 수유역 가성 술집 이자카야 토라 이자카야 토라 유점 서울특별시 강북구 노해로 블로그 체크 장소 이자카야 토라 유점 서울 강북구 노해로 수유역 출구 매일 오후 영업 종료 생일 혜택 단체 이용 가능 예약 남여 화장실 구분 주차 불가 내부 인테리어 설치 축구 수유역 가성 술집 이자카야 토라 메뉴 철판요리 나베 요리 일품 요리 멕시칸 요리 꼬치 요리 튀김 요리 연어 요리 메뉴 가격 페페로니 노미 전골 소주 주문 메뉴 수유 이자카야 토라 전골 가격 금액 대비 정말 비주 장난 우동 사리 통째 우삼겹 숙주 야채 초보 국물 야채 고기 육이 우러나와 먹기 선선 소주 전골 찰떡 궁합 수유 이자카야 토라 메뉴 페페로니 노미 야채 해물 반죽 철판 페페로니 눈꽃 치즈 토핑 일본 요리 랍니 금액 진짜 원픽임 연속 정도 바삭 바삭 안쪽 해물 소스 강추 기분 술술 메뉴 싹싹 수유 이자카야 토라 메뉴 합리 가격 대가 매장 단체 이용 인테리어 분위기 데이트 수유역 가성 술집 이자카야 토라 유점 추천 수유역 이자카야 수유역 가성 술집 이자카야 토라 유점 추천 강북 강북구 수유 수유역 가성 술집 가성 술집 골목 이자카야 이자카야 토라 모임 단체 데이트 친구 연인 커플 회식 수유역술집 추천,첫줄 강북 강북구 수유 수유역 가성비 술집 가성비술집 먹자골목 이자카야 이자카야토라 모임 단체 데이트 친구 연인 커플 회식 수유역술집 추천
62,수유역 맛집 이자카야 토라 불리 성비 술집 방문 후기,이자카야 토라 유점 위치 서울 강북구 노해로 영업 매일 생일 혜택 단체 가능 화장실 실내 남녀 구분 이자카야 토라 유점 서울특별시 강북구 노해로 블로그 체크 장소 추석 연휴 가성 신상 술집 이자카야 토라 유점 방문 외관 근처 정류장 가게 외관 수유역 출구 건물 위치 이자카야 토라 엘레베이터 입구 연결 다리 할미 엘베 내부 화장실 가게 내부 화장실 정보 친구 차로 방문 사람 창가 친구 창가 화장실 실내 남녀 구분 화장실 메뉴 가격 할인 정보 이벤트 확인 테이블 방식 메뉴 시즌 안주 종류 가격 대도 선택 오늘 바지락 술찜 소주 맥주 주문 네이버 쿠폰 토비스 무료 메뉴 기본 서비스 술집 가면 기본 안주 과자 소맥 한잔 주문 바지락 술찜 음식 추가 기본 파스타 봉골레 바지락 해감 소맥 안주 찰떡 만석 사실 안주 추가 사장 서비스 달달 식사 마무리 방문 아이스크림 후기 수유역 근처 친구 연인 한잔 은기 안주 선택 안주 퀄리티 차로 오기 느낌 수유역이자카야 수유역가성비술집 수유리먹자골목맛집 수유이자카야토라 강북구이자카야 수유역맛집 수유동 맛집 번동 맛집 수유역밥집 화계역 맛집 강북 맛집 쌍문역 술집 도봉구 술집,수유역이자카야 수유역가성비술집 수유리먹자골목맛집 수유이자카야토라 강북구이자카야 수유역맛집 수유동맛집 번동맛집 수유역밥집 화계역맛집 강북맛집 쌍문역술집 도봉구술집
63,서울 수유 이자카야 이자카야 토라 가성 이자카야 추천,본가 수유 타지 생활 다시 본가 본가 가장 사랑 가족 친구 아주 가까이 일요일 저녁 약속 부담 전혀 가격 수유역 이자카야 고딩칭구 그동안 이야기 잔뜩 일요일 저녁 이자카야 토라 유점 소개 이자카야 토라 유점 평일 주말 주차 어려움 위치 이자카야 토라 유점 서울특별시 강북구 노해로 블로그 체크 장소 수유역 골목 맛집 도보 대중교통 이용 추천 외관 뭔가 엄근진 가게 간판 고등학생 일본어 지금 내부 이자카야 토라 유점 엘리베이터 타고 가게 시작 복도 은근 엄근진 느낌 곳곳 용맹 호랑이 그림 잔뜩 토라 호랑이 가게 내부 회식 모임 장소 느낌 창가 자리 스크린 노래 프로그램 아마 비긴 어게인 분위기 야구 축구 스포츠 경기 생각 화장실 내부 하마 만족 메뉴판 테이블 오스 주문 이자카야 가성 메뉴 설명 직원 호출 요청 노래 신청 기능 기본 안주 기본 안주 뻥튀기 과자 사실 안주 친구 그릇 이건 토리 오뎅 갑작스레 날씨 오늘 무조건 오뎅 토라 오뎅 가격 정말 어묵 친구 하튜 오뎅 오뎅 와사비 간장 간장 상큼 이건 느낌 어묵 이건 유부 만두 야채 튀김 국물 잔뜩 머금 찌리 이자카야 자꾸 메뉴 찌리 진짜 사랑 아래 소스 간장 느낌 단맛 찌리 와사비 살짝 소스 무조건 찌리 룰루 친구 머쓱 토리 한참 튀김 토라 안주 잔뜩 인정 진로골드 오늘 주종 역시 소주 일요일 자제 친구 소주 스타일 소주 마시기 퇴사 이야기 이직 이야기 하니 쭉쭉 술술 콜라 근처 가성 이자카야 자주 느낌 서울 수유 이자카야 이자카야 토라 가성 이자카야 추천 재생 접기 서울 수유 이자카야 이자카야 토라 가성 이자카야 추천 클립 영상 수유 술집 수유맛집 수유이자카야 이자카야 토라 유점 찌리,수유술집 수유맛집 수유이자카야 이자카야토라수유점 모찌리도후
64,수유역 이자카야 토라 안주 가성 술집,이자카야 토라 수유역가성비술집 수유역이자카야 퇴근 수유역 이자카야 토라 위치 이자카야 토라 주소 서울 강북구 노해로 영업 마감 전화 이자카야 토라 유점 서울특별시 강북구 노해로 블로그 체크 장소 메뉴판 이자카야 토라 건물 입구 메뉴판 안주 종류 정말 가격 수유역 가성 술집 추천 내부 음악 마시기 아주 분위기 테이블 오스 메뉴 보기 주문 메뉴판 정독 주문 주문 메뉴 샤브 전골 베이컨 감자전 소주 생맥주 샤브 전골 베가 먼저 비주 대박 가격 원대 요즘 제격 전골 안주 고기 불판 두루 고기 숙주 가득 팽이버섯 송이버섯 표고버섯 버섯 육수 샤브샤브 먹듯 사진 집게 이용 고기 숙주 육수 고기 해주시 야채 고기 육수 육수 왤케 살짝 소주 안주 제격 칠리소스 안주 원대 가성 가쓰오부시 가득 베이컨 감자전 가격 무색 베이컨 감자전 계란 노른자 먹기 남자친구 진짜 종류 감자 바닥 감자 가득 식감 베이컨 생맥 남자친구 안주 소주 가게 분위기 술술 나베 감자전 안주 양도 가성 수유역 이자카야 토라 강추,
65,수유역이자카야 가성 토라 솔직 리뷰,박사 규딩입니 오늘 규딩이 소개 드릴 수유역 위치 초초 가성 이자카야 안주 원대 가기 소개 이자카야 토라 유점 서울 강북구 노해로 월금 토일 수유역이자카야 이자카야 토라 유점 수유역 출구 도보 거리 위치 술집 오기 가기 가게 외관 수유역이자카야 토라 가게 외관 보이 이자카야 느낌 물씬 분위기 가게 내부 가게 내부 앞쪽 메뉴 미리 가게 내부 무척 손님 곳곳 부분 단체 모임 프라이 데이트 술집 메뉴판 수유역이자카야 토라 메뉴판 메뉴 주류 노미 샤브 전골 꼬치 구이 탕류 바나 정말 메뉴 메뉴 가격 메뉴 정말 차로 오기 과일 규딩이 메뉴 선택 소고기 큐브 수박 기린 생맥주 메뉴 사진 기본 안주 뻥튀기 안주 먹기 국룰 먼저 큐브 수박 큐브 수박 수박 연유 듬뿍 달달 입가심 메뉴 식사 오신 정말 메뉴 수유역이자카야 토라 메뉴 소고기 소고기 규딩이 안주 소주 안주 맥주 안주 제격 메뉴 단백질 메뉴 아주 간장 베이스 소스 무순 깻잎 수유역이자카야 토라 차로 방문 보이 술안주 손색 안주 토라 상이 여행 이야기 다가 후쿠오카 비행기 티켓 은근 프라이 느낌 술집 대화 여행 수유역이자카야 토라 수유역 술집 가성 술집 토라 추천 이자카야 토라 유점 서울특별시 강북구 노해로 블로그 체크 장소,
66,수유역맛집 술집 이자카야 토라 수유 메뉴판,수유역맛집 술집 이자카야 토라 수유 메뉴판 서울 강북구 노해로 이자카야 토라 유점 서울특별시 강북구 노해로 블로그 체크 장소 리리 한번 회식 회식 점심식사 저녁 건너 술집 고고씽 위치 안주 검색 결정 위치 수유역 정말 안주 종류 이자카야 계단 용해도 엘리베이터 이용 엘리베이터 가게 내부 가게 내부 여러 설치 축구 경기 수유역맛집 술집 이자카야 토라 수유 메뉴판 실제 태블릿 메뉴 방문 우유부단 결정 선택 장애 사람 안주 한나절 주문 고추장 육회 소고기 불고기 깻잎 타코 바지락 술찜 연어 사시미 껍질 꼬치 파산 꼬치 은행 꼬치 베이컨 감자전 주문 화장실 남자 여자 공용 화장실 여서 맥주 먼저 안주 한잔 껍질 꼬치 파산 꼬치 은행 꼬치 먹기 꼬치 안주 기본 보장 안주 맥주 안주 고추장 육회 사실 고추장 양념 시킴 날씨 육회 소고기 소고기 와사비 소고기 바닥 파슬리 이스 깻잎 와사비 살짝 가득 베이컨 감자전 철판 노미 계란노른자 컷팅 주문 안주 무늬 몸빼바지 무늬 조끼 진주 목걸이 남자 공짜 런가 안주 이자카야 토라 노미 맛집 의도 방문 노미 추천 불고기 깻잎 타코 매장 내부 조명 살짝 플래시 플래시 차이 불고기 깻잎 타코 바지락 술찜 분명 날씨 시리 코끝 바지락 술찜 추가 주문 살짝 매콤한 국물 매력 바지락 술찜 파스타 면도 바지락 재미 연어 사시미 일행 연어 사시미 추가 주문 완전 연어 사시미 주류 이자카야 토라 오늘 샤브전골 하이 친구 모임 연말 모임 회식 소로 가성 분위기 술집 추천,
67,수유역가성비술집 이자카야 토라 유점 소고기,이자카야 토라 유점 서울특별시 강북구 노해로 블로그 체크 장소 영업 월금 토일 전화번호 최근 술집 발견 강북구 제일 쌈뽕 술집 이자카야 토라 유점 방문 가성 수유역 출구 도보 거리 메인 스트리트 매장 손님 대부분 창가 입구 근처 화장실 모로 수유역가성비술집 이자카야 토라 유점 메뉴 재생 수유역가성비술집 이자카야 토라 유점 메뉴 수유리먹자골목맛집 이자카야 토라 메뉴판 한라 감귤 빙수 레인보우 빙수 안주 메뉴 꼬치 나베 튀김 멕시칸 요리 안주 가성 오코노미야키 야끼소바 철판요리 꼬치 꼬치 연어 사시미 타코야끼 밀푀유 고추장 육회 바나 디저트 안주 눈길 간다 하이 역시 종류 하이 알콜 하이 수도 데킬라 슬래머 데킬라 탄산 칵테일 식전주 주문 기본 안주 강냉이 대형 티브이 딩고 킬링 벌스 노을 편이 빵빵 사운드 공연장 기분 오늘 수유역가성비술집 이자카야 토라 꼬치 주문 옵션 선택 링클 청양 꼬치 꼬치 파우더 갈릭 소스 갈릭 디핑 링클 청양 소스 깻잎 청양 닭다리 느낌 갈릭 디핑 꼬치 이름 뿌링가루 디핑소스 호불호 청양 마요 깻잎 요가 밸런스 조절 입안 매운 폭풍 흡입 등장 안주 겉면 살짝 쇠고기 드레싱 소고기 먹기 크기 소스 와사비 찡긋 가격 고기 소스 생강 와사비 깻잎 이건 양파 제일 정도 꼬치 냄비 우동 가쓰오부시 우려 육수 간장 감칠맛 국물 냄비 우동 파산 꼬치 사실 설명 보고 주문 어묵 꼬치 어묵 설명 생각 느낌 면도 유부 안주 뭔가 무난 수유역이자카야 토라 유점 청곡 한번 신청 이자카야 토라 청곡 신청 버튼 화면 모짜렐라 기본 그냥 설정 성별 선택 메시지 입력 수도 이자카야 토라 유점 청곡 재생 이자카야 토라 유점 청곡 의상 찰떡 청곡 마음 달달 스푼 찌리 보기 한술 푸딩 두부 중간 특유 식감 우유 미가 플레이 신경 사람 중장 년층 손님 오시 단체 이용 술자리 수유역가성비술집 이자카야 토라 유점 수유역이자카야 수유역가성비술집 수유리먹자골목맛집 수유이자카야토라 강북구이자카야 수유역 술집 수유역 단체 이자카야 유신 청곡 술집,수유역이자카야 수유역가성비술집 수유리먹자골목맛집 수유이자카야토라 강북구이자카야 수유역저렴한술집 수유역단체이자카야 수유신청곡술집
68,수유역 가성 술집 추천 이자카야 토라 후기,뜐뜐 오늘 수유역 이자카야 수유역 가성 술집 토라 후기 서울 강북구 노해로 평일 주말 단체 이용 가능 예약 남녀 화장실 구분 수유이자카야 토라 수유역 출구 소요 정말 위치 토라 위치 누가 토라 호랑이 그림 토라 이자카야 느낌 뿜뿜 실제 수유이자카야 토라 이자카야 느낌 정말 이자카야 가장 이자카야 분위기 정말 창문 폴딩도어 여름 창문 개방 더욱 분위기 내부 생각 기존 이자카야 규모 수유이자카야 토라 안쪽 자리 단체 이용 정도 수유역이자카야 토라 실물 신분증 출입 불가능 하니 참고 실물 신분증 필수 메뉴 주문 주문 진짜 메뉴 가격 대의 술안주 이자카야 토라 출처 이자카야 토라 일품 요리 출처 이자카야 토라 나베 철판요리 출처 이자카야 토라 연어 요리 타코야끼 노미 닭꼬치 메뉴 출처 이자카야 토라 종류 한눈 메뉴 정말 메뉴 밀푀유 차돌 야끼소바 베이컨 감자전 소주 주문 안주 마카로니 과자 테이블 수저 젓가락 각인 수저 젓가락 토라 이자카야 수유역 가성 술집 추천 이자카야 토라 후기 재생 수유역 가성 술집 추천 이자카야 토라 후기 제일 먼저 차돌 야끼소바 밀푀유 나베 밀푀유 겹겹이 야채 고기랑 이자카야 대표 메뉴 비주 밀푀유 나베 이건 밀푀유 나베 소스 칠리소스 간장 베이스 레몬 소스 수유역 가성 술집 추천 이자카야 토라 후기 재생 접기 수유역 가성 술집 추천 이자카야 토라 후기 배추 야채 국물 정말 인정 육수 정말 차돌 야끼소바 수유역 가성 술집 추천 이자카야 토라 후기 재생 접기 수유역 가성 술집 추천 이자카야 토라 후기 생각 차돌 은근 야끼소바 야채 간이 계속 술안주 메뉴 마지막 베이컨 감자전 메뉴 가지 가장 메뉴 메뉴 베이컨 감자전 생소 감자전 노미 가쓰오부시 생각 제일 서비스 주신 아스 크림 약과 마무 으리 역시 마지막 아이스크림 체고 비운 수유역 가성 술집 이자카야 토라 안주 장점 베이컨 감자전 가도 정말 수유역이자카야 술집 새벽 이자카야 토라 유일 이인 싸람 수유역 토라 이자카야 토라 유점 서울특별시 강북구 노해로 블로그 체크 장소 수유역이자카야 수유역가성비술집 수유리먹자골목맛집 수유이자카야토라 강북구이자카야 수유역맛집 수유역술집,수유역이자카야 수유역가성비술집 수유리먹자골목맛집 수유이자카야토라 강북구이자카야 수유역맛집 수유역술집
69,수유역가성비술집 이자카야 토라 대형 스크린 술집 단체 모임 추천,수유역술집 토라 존맛 안주 뿌시 가성 푸파 대형 스크린 사방 팔방 축구 야구 응원 야장 테라스 느낌 낭낭 이자카야 토라 유점 서울 강북구 노해로 월금 토일 이자카야 토라 유점 서울특별시 강북구 노해로 블로그 체크 장소 수유역술집 이자카야 토라 위치 수유역 출구 수유역 골목 엘베 타고 가면 오늘 만취 등장 입장 토라 직원 창문 화알짝 테라스 술집 야장 느낌 낭낭 단체 모임 매장 온갖 벽면 대형 스크린 대형 티비 압도 월드컵 야구 응원 창가 자리 잡고 메뉴 블로거 디방 메뉴판 진짜 모든 안주 원대 물가 정도 가성 메뉴 위주 주문 시작 오늘 술자리 주문 금방 오늘 메인 파스 로제 파스타 정도 조화 파스타 낭낭 파스타 추가 크리미 제의 감칠맛 노미 주문 가성 비도 바삭 쫀득 진심 가성 술집 수유역이자카야 토라 한참 붕어싸만코 서비스 최애 아이스크림 아시 진짜 존맛 소주 안주 제격 아시 화장실 매장 안쪽 남녀 구분 여자 화장실 깔꼼함 세면대 바깥 공용 만취 요즘 둘이서 디방 만취,
70,수유역 가성 술집 추천 꼬치 이자카야 토라,수유역 가성 술집 추천 꼬치 이자카야 토라 라미 오늘 수유역 가성 술집 꼬치 이자카야 토라 이자카야 토라 위치 공간 내부 테이블 깔꼼해 인석 다인 자리 메뉴 정말 꼬치 진짜 진탕 마시기 구성 오뎅 오뎅 진짜 가격 대비 구성 오뎅 종류 최소 종류 구성 양도 가득 친구 한잔 오뎅 무한 파티 가넝할 정도 오뎅 친구 야채 국물 제대로 오뎅 정말 야채 얼매 간장 코옥 꼬치 종류 진짜 어마 무시 주문 종류 양도 생각 종류 꼬치 나열 진짜 종류 구성 완전 만족 베이컨 떡말 닭목 구성 바베큐 소스 진짜 만족 하나로 꼬치 기절 마음 호호 꼬지 해물 야채 조합 호호 꼬치 취향 저격 완전 가능 안주 가격 생각 산더미 기절 샐러드 가라 구성 진짜 안주 구성 조쿤 사장 센스 양념 치킨 소스 칠리 소스 가지 도리 진짜 바삭 육즙 가득 안주 친구 위치 이자카야 토라 유점 서울특별시 강북구 노해로 블로그 체크 장소 이자카야 토라 수유역 출구 근처 영업 새벽 새벽 오늘 수유역 위치 이자카야 맛집 이자카야 토라 진짜 메뉴 양도 친구 가기 수유 맛집 라미 이자카야 토라 제일,
71,수유역가성비술집 이자카야 토라 방문 후기,수유역가성비술집 이자카야 토라 방문 후기 유리 골목 술집 좌석 가성 술집 친구 방문 이자카야 토라 영업 평일 익일 주말 익일 수유역 골목 용용 선생 건물 위치 매장 입구 메뉴판 게시 한눈 확인 메인 메뉴 금액 가짓수 주머니 학생 방문 주머니 직장인 방문 눈물 매장 내부 엘리베이터 타고 매장 부로 도착 살짝 계단 추천 매장 워낙 단체 방문 대화 집중 일본어 토라 호랑이 매장 곳곳 호랑이 이자카야 화장실 소하 거나 매장 외부 마련 매장 내부 남녀 구분 화장실 제일 구석 자리 오스 통해 청곡 접수 옛날 헌팅 포차 느낌 자리 그릇 전설 마약 과자 메인 메뉴 기도 수유역가성비술집 메인 메뉴 부담 가격 원산지 표지판 오스 한쪽 구석 상대 테이블 대화 거나 단체 참여 단체 아무 메뉴 샤브 전골 베가 메인 메뉴인 주문 사이드 전골 야채 가운데 야채 그릇 테이블 수유역가성비술집 이자카야 토라 방문 후기 재생 수유역가성비술집 이자카야 토라 방문 후기 수유역가성비술집 이자카야 토라 방문 후기 재생 수유역가성비술집 이자카야 토라 방문 후기 고추장 회도 고추장 육회 깻잎 치즈 수유역가성비술집 이자카야 토라 방문 후기 재생 수유역가성비술집 이자카야 토라 방문 후기 수유역가성비술집 이자카야 토라 유점 방문 후기 안주 단체 친구 한잔 가기 방문 의사 이자카야 토라 유점 서울특별시 강북구 노해로 블로그 체크 장소,
72,수유역 가성 술집 아침 이자카야 토라,누나 친절 가성 비도 요즘 자주 이자카야 토라 양도 가격 분위기 이자 토라 자주 가게 자주 술집 토라 후기 시작 이자카야 토라 유점 서울특별시 강북구 노해로 블로그 체크 장소 영업 월금 토일 전화번호 주차 화장실 장내 남녀 구분 인스타 사진 동영상 팔로워 팔로잉 게시 사진 동영상 보기 수유역 출구 우측 사거리 좌측 용용 선생 건물 사장 마중 주신 입구 건물 왼쪽 계단 엘리베이터 계단 입구 엘리베이터 매장 환영 매장 사장 할머니 조끼 바지 환영 매장 마음 지점 방문 분위기 예상 창문 야장 느낌 창가 파티션 좌석 조명 먹기 분위기 대형 스크린 경기 보기 노래 청곡 가능 화장실 매장 남녀 구분 테이블 태블릿 주문 편리 이유 경기 운동경기 한잔 경기 대형 스크린 축구 야구 경기 기억 이자카야 토라 유점 대형 스크린 경기 메모 수유 대형 스크린 수유 야구 수유 축구 화장실 매장 남녀 구분 화장실 거울 역시 한장 토라 실문 신분증 토라 손님 닉네임 설정 단체 노래 신청 토라 추억 태그 스토리 서비스 출동 이자카야 토라 유점 수유 술집 수유역술집 강북 술집 사진 동영상 팔로워 팔로잉 게시 이자카야 토라 유점 수유 술집 수유역술집 강북 술집 사진 동영상 보기 직원 호출 수유역 가성 술집 아침 이자카야 토라 재생 수유역 가성 술집 아침 이자카야 토라 메뉴 종류 동영상 첨부 진짜 메뉴 이도 알콜 러버 이유 하이 알콜 잔술 소주 맥주 맥주 종류 별로 모든 제일 돈까스 김치 찰떡 주문 친구 최애 간장 계란 주문 벌써 가성 돈까스 김치 수유역 가성 술집 아침 이자카야 토라 재생 수유역 가성 술집 아침 이자카야 토라 돈까스 유부 포인트 체리 어묵 국물 김치 양파 숙주 쑥갓 잔뜩 야장 느낌 뿜뿜 노래 안주 한잔 아주 환상 수유역 가성 술집 아침 이자카야 토라 재생 수유역 가성 술집 아침 이자카야 토라 계란 안주 준비 완료 소주 준비 완료 국물 돈까스 야채 두번째 안주 등장 테바 사키 후라이드 마늘 날개 나고야 날개 튀김 메뉴 교차 주문 메뉴 선택 옵션 반도 선택 후라이드 마늘 주문 바삭 후라이드 먼저 달달 마늘 아주 수유역 가성 술집 아침 이자카야 토라 재생 수유역 가성 술집 아침 이자카야 토라 이건 맥주 안주 맥주 찰떡 소주 한잔 날개 양쪽 잡고 한번 발라 먹기 그다음 달달 마늘 간장 계란 마늘 테바 사키 아주 간장 계란 사람 수유역 가성 술집 아침 이자카야 토라 재생 수유역 가성 술집 아침 이자카야 토라 왜인 공기밥 계란 가루 간장 참기름 환상 꼬소 아시 테이블 손님 주문 마법 메뉴 간장 계란 비어 안주 뭔가 잘못 된거 가격 차로 추천 학생 추천 사람 추천 볼때 추천 수유 분위기 술집 추천 수유 가성 술집 추천 수유역이자카야 수유역가성비술집 수유리먹자골목맛집 수유이자카야토라 강북구이자카야 수유 성비 술집 수유 분위기 술집 수유 술집 수유 성비 이자카야 수유이자카야 이자카야 토라 수유,수유대형스크린 수유야구 수유축구 수유역이자카야 수유역가성비술집 수유리먹자골목맛집 수유이자카야토라 강북구이자카야 수유가성비술집 수유분위기술집 수유술집 수유가성비이자카야 수유이자카야 이자카야토라 수유2차
73,수유역 가성 술집 퀄리티 이자카야 토라 유점,저번 남자친구 남친 친구 커플 수유역 가성 술집 이자카야 토라 유점 차로 안주 음식 남자친구 다시 방문 이자카야 토라 유점 서울특별시 강북구 노해로 블로그 체크 장소 주소 서울 강북구 노해로 영업 오후 새벽 전화번호 단체 이용 최대 예약 가능 매장 단체 가기 완전 안주 종류 고민 이자카야 야끼소바 국물 기본 토라 오뎅 차돌 야끼소바 가지 주문 수유역 가성 술집 이자카야 토라 유점 기본 물이 보리 보리차 러버 완전 최고 기본 안주 국민 간식 가격 대비 가성 갑인 어묵 종류 여러가지 음식 야채 유부도 듬뿍 야채 음식 야끼소바 고기 반숙 라이 거기 생강 야끼소바 생강 역시 퀄리티 이제 흡입 시작 수유역 가성 술집 이자카야 토라 유점 음식 비주 다시 한번 감동 어묵 투성이 그냥 술술 정신 불닭 야끼소바 추가 주문 수유 가성 술집 이자카야 토라 유점 음식 퀄리티 한참 치즈 듬뿍 치즈 추가 이제 안주 크류 샤베트 추가 안주 기억 안주 부어 기억 잔뜩 정도 안주 분위기 완전 수유 가성 술집 이자카야 토라 유점,
74,수유역 가성 술집 이자카야 토라 간단 후기,수유역 술집 이자카야 토라 방문 후기 차로 고집 삼겹살 차로 진짜 아무 생각 눈앞 수유역 술집 이자카야 토라 외부 모습 사람 사진 찍기 미션임파서블 수유역 술집 이자카야 토라 내부 모습 전체 두운 조명 빨간색 포인트 조명등 수유 이자카야 토라 흡연실 내부 흡연실 술집 추천 토요일 저녁 사람 안쪽 테이블 사용 민폐 안주 자리 태블릿 주문 방식 국민 안주 강냉이 인간 사료 원샷 한번 분명 얼떨결 점점 매장 곳곳 화면 뮤비 대화 가능 바사 키라 치킨 해물짬뽕 간장 계란 주문 먼저 간장 계란 차만 수가 보통 절대 한국인 테바 사키 가지 정도 후추 짬뽕 아이스크림 서비스 하이 주문 슬슬 이자카야 토라 유점 서울특별시 강북구 노해로 블로그 체크 장소 위치 수유역 술집 이자카야 추천 안주 생각 가격 편이 가성 술집 수유역 가성 술집 이자카야 토라 간단 후기 수유역술집 수유역가성비술집 수유역이자카야 이자카야 토라 유점 수유 이자카야 토라 안주 맛집 흡연실 수유역 가성 술집 이자카야 토라 간단 후기 재생 수유역 가성 술집 이자카야 토라 간단 후기,수유역술집 수유역가성비술집 수유역이자카야 이자카야토라수유점 수유내돈내산 이자카야토라 안주맛집 흡연실
75,수유역 술집 수유 가성 술집 이자카야 토라,하이 오늘 수유역 가성 술집 이자카야 토라 포스팅 주소 서울 강북구 노해로 영업 전화번호 수유 메인 거리 위치 이자카야 토라 유점 용용 선생 건물 내부 옆쪽 야장 느낌 스크린 월드컵 축구 오기 술집 수유 이자카야 토라 메뉴판 하이 메뉴 노미 샤브 전골 감귤 주문 주문 테블릿 해주시 테블릿 청곡 이자카야 토라 인스타 스토리 서비스 기본 뻥튀기 보기 해도 상콤 감귤 끝맛 감귤 껍질 살짝 메인 안주 등장 샤브 전골 베가 정말 고기 아래 숙주 비주 마음 야채 투하 고기랑 숙주 추가 육수 간장 소스 매콤한 나베 칠리소스 간장 소스 꿀맛 고기 이자카야 나베 표현 노미 생각 가운데 노른자 냠냠냠 가쓰오부시 오징어 추가 수유역 가성 술집 이자카야 토라 재생 수유역 가성 술집 이자카야 토라 이자카야 토라 유점 서울특별시 강북구 노해로 블로그 체크 장소 수유역 술집 이자카야 토라 유점 술집 안주 일반 음식점 이자카야 토라 가성 메뉴 하이 종류 퀄리티 술집 방문 추천,
76,수유 이자카야 토라 가성 비도 분위기 수유역 이자카야,수유역 상륙 이자카야 토라 강남역 인근 방문 매우 기억 수유역 수가 건물 위치 이자카야 토라 외부 웅장 평일 방문 느낌 진짜진짜 단체 모임 매장 곳곳 여기저기 스크린 설치 스포츠 시합 친구 마시기 안성맞춤 이자카야 토라 재생 접기 이자카야 토라 전체 두운 분위기 빵빵 사운드 사람 시간대 피해 데이트 테이블 테라스 테이블 고민 고민 테라스 결정 사이 메뉴 출시 이자카야 토라 종류 별로 내내 이자카야 토라 메뉴판 가성 재생 접기 메뉴판 가성 메뉴 수도 수지 가성 비도 안주 술집 안주 만원 메뉴 수두 가성 제대로 수작 주점 느낌 모츠 처음 모츠 모츠 대창 두부 맑은 전골 대창 전골 계속 먹음 대창 두부 부추 버섯 계속 설렁탕 기도 곱창전골 일행 매우 편이 꼬치 가성 꼬치 요즘 이자카야 가면 무조건 아쥬 합리 메뉴 꼬치 타래 소스 마요네즈 생강 친구 견봉살 꼬치 닭떡 꼬치 연골 꼬치 가문 염통 꼬치 베이컨 떡말 꼬치 껍질 꼬치 파닭 꼬치 새우 꼬치 마늘 꼬치 은행 꼬치 제보 꼬치 메뉴 양념 타래 소스 마요네즈 재미 만족 기호 꼬치 추가 주문 가문 꼬치 연골 꼬치 파스타 튀김 먹음 이자카야 토라 유점 서울특별시 강북구 노해로 블로그 체크 장소 이자카야 토라 가성 분위기 메뉴 합격 단체 친구 정모 연말 파티 술집 적극 추천 수유역이자카야 수유역가성비술집 수유리먹자골목맛집 수유이자카야토라 강북구이자카야,수유역 이자카야토라 이자카야토라 수유역이자카야 수유역가성비술집 수유리먹자골목맛집 수유이자카야토라 강북구이자카야
77,수유역 맛집 이자카야 토라 유점 가성 퀄리티 안주 맛집 수유역이자카야 수유역가성비술집 수유리먹자골목맛집 수유이자카야토라 강북구이자카야 유야,수유역 맛집 이자카야 토라 유점 가성 퀄리티 안주 맛집 수유역이자카야 수유역가성비술집 수유리먹자골목맛집 수유이자카야토라 강북구이자카야 유야 리뷰 짝꿍 퇴근 한잔 정말 편이 요즘 물가 진짜 안주 수유 가성 소문 오늘 리뷰 이자카야 토라 유점 이자카야 토라 유점 서울특별시 강북구 노해로 블로그 체크 장소 영업 월금 토일 한쪽 구조 요즘 가을 분위기 아주 최적 안쪽 여럿 오시 주문 오스 거기 노래 신청 추억 플레이 리스트 할인 행사 안주 세트 고급 안주 조합 가성 안주 메뉴 주류 메뉴 연어 생선회 바지락 술찜 기본 안주 뻥튀기 보리차 술안주 헤헤 메뉴 비주 연어 생선회 자르르 윤기 가격 비주 거기 크기 술잔 정도 크기 실화 간장 무순 고추냉이 양파 타르 타르 소스 무순 아래 조합 아래 얼음 센스 바지락 술찜 사실 반성 파스타 바지락 쏙쏙 재미 가성 소문 짝꿍 차로 술집 맛집 수유역이자카야 수유역가성비술집 수유리먹자골목맛집 수유이자카야토라 강북구이자카야 맛집 이자카야 토라 유점 가요 수유역 맛집 이자카야 토라 유점 가성 퀄리티 안주 맛집 수유역이자카야 수유역가성비술집 수유리먹자골목맛집 수유이자카야토라 강북구이자카야 유야,
78,수유역 이자카야 토라 가성 안주 술집,이자카야 토라 유점 위치 서울 강북구 노해로 전화번호 영업 매일 편의 생일 혜택 단체 이용 예약 남여 화장실 구분 토링 학교 수유역 근처 기억 학교 칭구 수유역 이자카야 요즘 토링 때문 방문 이자카야 토라 유점 리뷰 슴니 골목길 간판 풍선 일본 느낌 대왕 호랑이 간판 앞쪽 창가 좌석 모습 건물 앞쪽 방문 당시 창가 날씨 얼른 내부 준비 단체 이용 수유역 가성 술집 이자카야 토라 재생 수유역 가성 술집 이자카야 토라 사진 영상 얼핏 보이 실지 티비 진짜 방문 포스트시즌 모든 자리 경기 관람 수유역 축구 야구 보기 술집 관람 자리 오스 메뉴 안내 노래 신청 최애 데이 식스 소환 야구 경기 신청 네오 메뉴 가성 술집 안주 오코노미야끼 사시미 튀김 안주 베이컨 감자전 전골 망고 하이 샤인 스캣 하이 요로 주문 망고 하이 샤인 스캣 하이 먼저 기본 안주 뻥튀기 하이 준비 망고 하이 리얼 과일 하이 진짜 망고 어서 베이컨 감자전 등장 베이컨 감자전 가쓰오부시 얼른 뱃속 안주 준비 망고 샤인 스캣 하이 달달 술술 술찌 토링 얼굴 후문 전골 전골 곧바로 준비 비주 그동안 감자전 우동 고기 매콤 감자전 취했다 전골 해장 실시간 술찌 갑자기 주신 붕어싸만코 원래 노래 초코 아이스크림 센스 사장 서비스 수유역 술집 편이 내부 축구 야구 스포츠 관람 술집 안주 하이 이자카야 토라 유점 방문 이자카야 토라 유점 서울특별시 강북구 노해로 블로그 체크 장소,
79,수유역 술집 차로 가기 가성 안주 맛집 이자카야 토라,평일 때문 주말 휴식 파워 수유역 술집 이자카야 토라 이자카야 토라 주소 강북구 노해로 위치 호선 수유역 운영 월금 예약 단체 주차 수유 공영 주차장 이용 이자카야 토라 수유역 메인 골목 사거리 왼쪽 골목 용용 선생 호랑이 찾기 엘리베이터 계단 고고 내부 좌석 단체 술집 모임 티비 모든 방면 보기 축구 야구 월드컵 올림픽 경기 스크린 수유역 술집 가야 수유역 술집 화장실 내부 남녀 분리 화장실 창가 유리 요즘 날씨 청곡 주문 자리 오스 기본 안주 뻥튀기 별로 거지 계속 마법 안주 안주 철판요리 나베 요리 일품 요리 꼬치 타코야끼 연어 종류 가격 정말 가성 술집 이자카야 하이 잔술 주류 밀푀유 밀푀유 소고기 배추 깻잎 배열 팽이버섯 표고버섯 고수 육수 쯔유 간장 조리 자리 한잔 재료 밀푀유 안주 먹기 부담 식사 안주 살짝 소고기 만원 소고기 소고기 타타 깻잎 생강 고추냉이 양도 소고기 두께 두툼 채소 고추냉이 소고기 조화 때문 식사 주문 안주 밀푀유 소고기 타코야끼 타코야끼 메뉴판 타코야끼 계획 타코야끼 가지 와사비 크리미 링클 갈릭 치즈 고추 간장 반도 선택 사이즈 타코야끼 와사비 와사비 마요 고추냉이 마요네즈 부드러움 먹기 크리미 링클 크리 링클 치즈 버터 소스 전혀 계속 타코야끼 크기 자체 문어 쿠시카츠 깨비 안주 쿠시카츠 대구 감자 오징어 명태 스리 까치콩 가지 종류 사이드 무순 양배추 샐러드 꼬치 메뉴 일본어 관계 보고 확인 튀김 간이 튀김 튀김 밀가루 기름 지지 먹기 식사 안주 가지 메뉴 가성 안주 술집 수유역 술집 방문 참고 이자카야 토라 유점 서울특별시 강북구 노해로 블로그 체크 장소 업체 서비스 일부 제공 본인 결제 포함 작성 후기,
80,수유역가성비술집 이자카야 토라 노미 소고기 나쵸 플래터 후기,최근 정말 가성 술집 퀄리티 이자카야 토라 후기 가성 이자카야 토라 실제 모든 안주 가격 대가 퀄리티 이자카야 토라 수유 용용 선생 위치 매장 내부 화장실 창가 노래 노래 선곡 가능 이자카야 토라 메뉴 진짜 메뉴 선택 장애 메뉴 빙수 방문 연어 품절 오코노미야끼 진짜 양도 전골 탕류 대구 차로 때문 소고기 나쵸 플래터 모든 메뉴 타코야끼 안주 정말 돌솥알밥 수유역가성비술집 이자카야 토라 노미 소고기 나쵸 플래터 재생 수유역가성비술집 이자카야 토라 노미 소고기 나쵸 플래터 수유역가성비술집 이자카야 토라 노미 소고기 나쵸 플래터 재생 수유역가성비술집 이자카야 토라 노미 소고기 나쵸 플래터 일부 동영상 쿠시카츠 쿠시카츠 온도 이자카야 사케 나름 소고기 노미 일식 케랑 안주 인간 사료 마카로니 뻥튀기 시구 금방 소고기 소고기 생강 와사비 온도 유리 증기 온도 소고기 조합 아주 가성 음식 정성 느낌 노미 진짜 오징어 치즈 가득 올리브 토마토 살사 소스 계속 나쵸 플래터 메뉴 노미 정말 가격 노른자 사장 사과 서비스 사과 처음 가성 비도 이자카야 토라 이자카야 토라 유점 서울특별시 강북구 노해로 블로그 체크 장소,
81,수유 골목 가성 이자카야 맛집 이자카야 토라 유점,수유 골목 가성 이자카야 맛집 이자카야 토라 유점 이자카야 토라 유점 서울특별시 강북구 노해로 블로그 체크 장소 입니 오늘 간만 이자카야 용용 선생 용용 선생 찾기 만난 연탄 이자카야 데이트 이자카야 토라 유점 소개 수유 골목 가성 이자카야 맛집 이자카야 토라 유점 주소 서울 강북구 노해로 지번 수유동 영업 월금 토일 전화번호 인스타 단체 이용 가능 예약 남녀 화장실 구분 수유역 출구 우측 진입 좌측 용용 선생 건물 위치 수유 골목 가성 이자카야 맛집 이자카야 토라 유점 대표 메뉴 연어 사시미 입안 가득 연어 사시미 베이컨 감자전 감자 베이컨 한국 노미 샤브 전골 프리미엄 우삼겹 야채 육수 한국인 입맛 샤브샤브 모츠 대창 야채 두부 일본 미소 국물 전골 요리 꼬치 꼬치 가지 꼬치 수유 골목 가성 이자카야 맛집 이자카야 토라 유점 메뉴 연어 샐러드 메밀 어회 노미 노미 페페로니 노미 노미 차돌 야끼소바 불닭 야끼소바 철판 대창 볶음 꼬치 꼬치 돈까스 김치 나가사키 해물짬뽕 해물짬뽕 해물 우동 해물 누룽지 파스 전골 토라 오뎅 밀푀유 명란 구이 소고기 바지락 술찜 뇨끼 고추장 육회 연어 사시미 모츠 주문 완료 토라 연어 사시미 연어 사시미 무순 양파 소스 와사비 연어 사시미 컷팅 와사비 간장 양파 무순 연어 단백질 토라 모츠 모츠 처음 설렁탕 국물 두부 버섯 대창 부추 육수 짭짜롬 점차 진짜 짭짜롬 설렁탕 두부 버섯 부추 대창 대창 토라 차돌 야끼소바 계란후라이 차돌 야채 철판 데리야끼 볶음 연어 사시미 금방 클리어 뭔가 차돌 야끼소바 역시 안주 가지 소주 토라 서비스 붕어 아이스크림 서비스 붕어싸만코 아이스크림 초코 입가심 아이스크림 사장 센스 최고 이자카야 가격 이자카야 토라 유점 가성 이자카야 맛집 가격 퀄리티 가게 화장실 수유 골목 위치 토라 추천,
82,일본 이자카야 토라 안주 추천 유점 솔직 후기,지엠 일본 이자카야 토라 체인점 정말 유점 솔직 후기 작성 이자카야 토라 유점 자리 사람 직원 컨셉 짱구 컨셉 알바생 이자카야 토라 유점 노래 신청 노래 신청 노래 릴러말즈 노래 센스 누가 신청 이자카야 한국 노래 유점 이자카야 토라 분위기 짱짱 이제 안주 추천 솔직 후기 안주 추천 제격 느낌 친구 안주 추천 간장 계란 제일 일본 이자카야 토라 가면 명란 오이랑 명란 원래 명란 간계 솔직 후기 명란 안주 추천 일본 이자카야 토라 유점 타이밍 아이스크림 최고 친구 아이스크림 가위 딸기 아이스크림 유점 이자카야 토라 왕왕 친절 직원 웃기 유점 이자카야 토라 솔직 후기 오해 젤리 액체 서비스 최고 최고 이자카야 토라 유점 서울특별시 강북구 노해로 블로그 체크 장소,
83,수유역이자카야 수유역가성비술집 강북구이자카야 수유리먹자골목맛집 이자카야 토라 술집 하이 맛집,오늘 수유역 위치 수유역이자카야 수유역가성비술집 강북구이자카야 수유리먹자골목맛집 이자카야 토라 술집 소개 이자카야 토라 유점 서울특별시 강북구 노해로 블로그 체크 장소 매장 정보 위치 서울 강북구 노해로 수유동 운영 매장 번호 정보 단체 이용 가능 예약 남녀 화장실 구분 가성 술집 메뉴 분위기 사람 유리 골목 위치 접근성 저녁 시간대 손님 북적 이자카야 토라 수유역 인근 주변 위치 방문 외관 전통 일본 이자카야 느낌 현대 감각 조명 분위기 더욱 매력 수유역이자카야 수유역가성비술집 강북구이자카야 수유리먹자골목맛집 이자카야 토라 내부 분위기 조명 은색 포인트 인상 직원 서비스 손님 맞이 주어 기분 술자리 이자카야 토라 메뉴 가격 대도 합리 메뉴판 샤브 전골 연어 사시미 불고기 깻잎 타코 노미 철판 대창 볶음 불닭 야끼소바 해물짬뽕 파스 토라 오뎅 밀푀유 소고기 다기 명란 구이 퀘사디아 염통 꼬치 사이드 메뉴 포함 주류 소주 맥주 하이 데킬라 잔술 사케 가격 부담 여러 가지 안주 연어 샐러드 철판 대창 볶음 산토리 주문 연어 샐러드 연어 채소 조화 상큼 자랑 연어 연어 양도 포만 최고 채소 요즘 날씨 채소 야채 먹기 식감 철판 대창 볶음 쫄깃 쫄깃 식감 술안주 제격 대창 노른자 숙주 부추 양파 전혀 대론 대창 산토리 하이 짐빔 하이 술자리 분위기 더욱 수유역 이자카야 토라 가성 술집 메뉴 분위기 제공 연어 샐러드 철판 대창 볶음 메뉴 가격 음식 친구 가기 장소 수유역 근처 술집 수유역이자카야 수유역가성비술집 강북구이자카야 수유리먹자골목맛집 이자카야 토라 추천 수유역 이자카야 가성 술집 수유리먹자골목맛집 맛집 연어 샐러드 철판 대창 볶음 하이 강북구이자카야 수유역이자카야 수유역가성비술집 이자카야 토라 이자카야 토라 유점,수유역 이자카야 가성비술집 수유리먹자골목맛집 맛집 연어샐러드 철판대창볶음 하이볼 강북구이자카야 수유역이자카야 수유역가성비술집 이자카야토라 이자카야토라수유점
84,수유 술집 오픈 이자카야 토라 유점 메뉴 뿌시 후기,이자카야 토라 서울 강북구 노해로 일월 이자카야 토라 유점 서울특별시 강북구 노해로 블로그 체크 장소 수유 오픈 술집 이자카야 토라 수유역 출구 도보 정도 골목 왼쪽 위치 가게 모든 메뉴 간판 메뉴 확인 가성 안주 지금 메뉴 내부 촬영 인테리어 감성 평일 저녁 방문 손님 회식 방문 정도 미리 예약 단체 자리 메뉴판 이자카야 토라 가지 이자카야 안주 주문 테이블 테블릿 메인 메뉴 식사 드류 할인 행사 주류 음식 세트 판매 매장 직접 노래 신청 수도 초반 노래 신청 기본 안주 마카로니 뻥튀기 과자 샤브 전골 샤브 전골 우삼겹 야채 나베 사진 비주 토라 메뉴 우삼겹 숙주 듬뿍 가운데 육수 우삼겹 야채 샤브샤브 느낌 메뉴 메뉴 관심 비주 메뉴 국물 무난 안주 이자카야 토라 재생 이자카야 토라 해물짬뽕 두번째 국물 메뉴 해물짬뽕 저녁 식사 메뉴 주문 메뉴 숙주 우동 사리 해물 국물 제일 메뉴 바지락 술찜 바지락 술찜 만원 가격 바지락 술찜 판매 주문 메뉴 후기 추천 추천 버터 국물 버터 느낌 별로 요리 원래 별로 메뉴 매콤 가지 튀김 매콤 가지 튀김 녀석 금액 판매 비롯 가지 친구 몇몇 주문 메뉴 바삭 튀김 달달 매콤한 소스 버무려 아주 도리 기준 매콤 가지 러버 메뉴 치킨 가라아게 마지막 메뉴 치킨 가라아게 이자카야 토라 대부분 안주 가격 이하 만원 정말 부담 단체 오거 술집 치킨 가라아게 치킨 너겟 무난 치킨 너겟 초초초줌 가라아게 사진 이자카야 토라 유점 후기 마무 이하 안주 만원 수유 술집 바이브 술집 추천 드릴 이자카야 토라 안주 종류 정말 분위기 무난 사람 아마 주말 생각 후기 이자카야 토라 수유 이자카야 토라 이자카야 토라 유점 이자카야 토라 짬뽕 이자카야 토라 메뉴 이자카야 토라 후기 이자카야 토라 유점 후기 수유역이자카야 수유이자카야 수유 술집 수유 술집 수유 술집 수유역술집 수유맛집 수유역맛집,이자카야토라수유 이자카야토라 이자카야토라수유점 이자카야토라짬뽕탕 이자카야토라메뉴 이자카야토라후기 이자카야토라수유점후기 수유역이자카야 수유이자카야 수유저렴한술집 수유2차술집 수유술집 수유역술집 수유맛집 수유역맛집
85,수유 맛집 초가 성비 이자카야 토라 유점 모츠 오코노미야끼,이자카야 토라 유점 서울특별시 강북구 노해로 블로그 체크 장소 수유역 근처 초초 초가 성비 이자카야 맛집 토라 방문 이자카야 메뉴판 출처 구석 백종원 이자카야 메뉴 줄비 고민 모츠 대창 모츠 베가 진짜 왼쪽 대창 각도 굿굿굿 카메라 노미 가격 진짜 반죽 기성품 가성 진짜 초초초 호불호 노미 차돌 야끼소바 가격 기억 안남 계란 노른자 챱챱 무난 무난 가장 장점 아주 이자카야 메뉴 고추장 육회 소스 고추장 소스 참기름 소금 만해 구성 다시 진짜 성인 이자카야 일식집 메뉴 토라 유점 강추 방문 의사 사장 아주 신분 매장 인스타 아주,
86,수유역 가성 술집 이자카야 토라,소고기 노미 기억 수유역 이자카야 토라 다시 수유역 술집 골목 가성 술집 이구 창가 한잔 분위기 수유역 이자카야 지난번 메뉴 리뉴얼 안주 준비 수유 이자카야 토라 샤브 전골 노미 예전 토끼 술집 자리 오픈 수유 이자카야 토라 요즘 느낌 술집 레터 타코 퀘사디아 메뉴 연어 사시미 저번 방문 샤브 전골 연어 사시미 주문 포스팅 추천 간장 계란 한번 저녁 때문 식사 세명 이서 이정 안주 안주 가격 여러가지 부담 수유역 가성 술집 추천 간장 계란 역시 요리 간장 계란 샤브 전골 안주 국물 주문 샤브 전골 양도 국물 샤브샤브 먹기 고기 숙주 듬뿍 국물 먹기 고기랑 버섯 우동 리나 사리 추가 안주 주문 는걸 대신 사리 추가 육수 주시 간장 계란 수유역 가성 술집 간장 계란 비쥬 식사 대용 메뉴 메뉴 간장 와사비 친구 순식간 연어 사시미 수유역 이자카야 토라 연어 사시미 연어 사시미 연어 부위 샐러드 타르 타르소스 무순 먹기 어회 커서 가위 한번 연어 스타일 어회 위로 소고기 연어 간장 계란 사이드 주문 요리 저번 노미 추가 주문 페퍼로니 노미 지난번 새우 노미 매력 페퍼로니 노미 페퍼로니 치즈 피자 가격 부담 수유역 가성 술집 소주 점점 사장 서비스 수박 디저트 설탕 방문 수유역 술집 이자카야 토라 안주 분위기 노래 분위기 수유역 술집 한번 방문 추천 이자카야 토라 이자카야 토라 유점 서울특별시 강북구 노해로 블로그 체크 장소,
87,,정말 개미 지금 개미 존재 취향 사진 시작 일상 레츠기릿 졸업 시험 며칠 해도 졸업 시험 때문 걱정 나날 미래 보고 생각 스불 연달 동아리 공연 졸업 시험 일정 정말 눈코 진심 조교 장난 하필 시험 도중 조교 이름 확인 보더 학생 합격자 명단 누락 오늘 시험 사진 시험 조교 카톡 진짜 교수 채점 과목 과목 공부 그냥 사실 당시 시험 사실 여러 과목 마지막 과목 시험 전날 절망 도중 교수 시험 문제 공개 주심 진작 이제 모든 과목 진짜 이제 자유 졸업 공연 연습 과대 축제 거임 합주 공연 사실 노래 즉석 노래 학생 소통 무대 나가시 모습 정말 소개 연애 스토리 연관 얘기 더욱 공연 진짜 본인 얘기 궁금 나름 동아리 부원 대만 무대 가득 정말 며칠 공연 직전 긴장 공연 사람 매우 연습 기간 진짜 막상 무대 연습 다행 요즘 피크민 버섯 전투 녀석 뭔가 피크민 수박 버거운 수박 대비 귀욤터 데코 피크민 지금 스티커 병뚜껑 동전 피크민 라멘 피크민 데코 재미 피크민 피크민 친구 오시 체육대회 종목 기와 풍선 높이 여자 쟁취 전임 타이쿤 현장 날씨 전과 막걸리 체온 상승 효과 정말 김치전 반죽 구한 야외 취사 출신 믿음 덕분 정말 선배 희수 떡볶이 링클 선배 정말 사진 차마 모자이크 훌라후프 크기 구역 최대한 사람 게임 운동장 도착 누가 여자 결과 사람 머리 생각 아래 사람 대체 인생 경험 진짜 체육대회 공연 순서 고양이 학교 대표 이름 이름 도도 애가 운지 자꾸 가방 아예 연선 베이스 가방 공연 감기 그간 준비 공연 끄읕 사람 실수 그게 공연 의의 학년 후회 라스트 댄스 진짜 학교생활 동아리 야사 공연 원어민 교수 테오 교수 사진 교수 추천 회식 교수 내내 영어 회화 공부 기분 나름 뿌익뿌익들 졸업 전시 홍대 루카 팝업 가기 사심 진심 사실 팝업 해도 별거 그냥 사고 인형 사고 퇴장 최애 포테토 사려 인형 오른쪽 포테토 얼굴 굿즈 얼굴 인형 가운데 사진 인형 무려 가격 내내 쫄쫄 작가 현장 핑크 고릴라 인형 진짜 어쩜 저리 찰떡 네이버 도전 만화 피지 소녀 정말 테이블 장식 둘걸 생각 캔디 전시 누가 감동 전시장 학교 추구 미라 그림 학교 느낌 선물 이자카야 토라 유점 서울특별시 강북구 노해로 블로그 체크 장소 전시 원래 전시장 근처 술집 강남 물가 충격 역시 강남 동네 근처 오뎅 아주 방문 의사 정말 얘기 자주 서울 중학교 친구 고민 생일 축하 정말 서프라이즈 중독 정말 진심 생각 때문 케잌 정말 정말 사람인 존재 위안 생일 당일 동방 서프라이즈 축하 회의 눈치 막상 축하 기분 동생 빼빼로 폭탄 선물 생각 마음 축하 마음 예전 생일 선물 하리보 봉지 문어 선배 막걸리 흑역사 이건 정말 해도 정신 항상 항상 후회 에타 누가 베이글 나눔 대서 샌드위치 해먹 자취러 닭발 오늘 자취 개월 병아리 자취 학년 요리 자주 엄마 결심 시험 학교 수학 놀이 마당 행사 센터 사진 테셀레이션 부스 도마뱀 왜케 부스 도장 선물 그게 지민 이의 승부 자극 도장 지민 부스 참여 설명 어디가 나니 학년 해도 성의 태도 마음 국물 그냥 사진,
88,수유 이자카야 토라 수유 성비 술집 솔직 후기,맛집 댕댕 오늘 맛집 이자카야 토라 유점 수유역 워낙 세대 모이 가성 술집 음식점 정말 지역 수유역 가성 술집 이자카야 토라 유점 방문 이자카야 토라 유리 골목 맛집 수유역 출구 메인 사거리 왼쪽 위치 도보 이내 금방 주소 서울 강북구 노해로 전화번호 영업 오후 새벽 단체 이용 최대 예약 가능 카야 토라 유점 인테리어 매장 수유 이자카야 토라 수유역 성비 솔직 후기 재생 수유 이자카야 토라 수유역 성비 솔직 후기 내부 단체 회식 장소 최고 이자카야 두우 면서 붉은빛 사용 일본 전통 이자카야 분위기 인테리어 뽀인트 술집 가면 의자 경우 모든 좌석 의자 포스 호랑이 가득 토라 처가 호랑이 방문 실물 신분증 필수 패드 주문 방식 후불 가격 수유역 가성 안주 무려 가지 정말 메뉴 연어 사시미 불고기 깻잎 타코 노미 철판 대창 볶음 불닭 야끼소바 해물짬뽕 파스 토라 오뎅 소고기 다기 명란 구이 퀘사디아 염통 꼬치 고심 주문 요리 차돌 야끼소바 소고기 모츠 주문 완료 보리차 뻥튀기 추억 뻥튀기 아부지 어무니 분위기 최고 음식 먼저 대창 모츠 대창 꼬소 두부 부추 버섯 야채 두부 국물 야채 두부 역할 듯이 어우려져 소고기 비주 소고기 와사비 생강 채소 입하 소고기 아래 파간 절임 소스 환상 마지막 메뉴 차돌 야끼소바 간이 차돌 수유 이자카야 토라 수유역 성비 솔직 후기 재생 접기 수유 이자카야 토라 수유역 성비 솔직 후기 노미 고민 메뉴 비주 전체 상차림 사진 비쥬 음식 식사 수유 이자카야 토라 수유역 성비 솔직 후기 재생 접기 수유 이자카야 토라 수유역 성비 솔직 후기 수유역 가성 술집 토라 가성 느낌 그냥 분위기 이자카야 느낌 음식 부담 최고 장점 창밖 바닷가 기분 지금 날씨 선선 바람 후식 서비스 주시 센스 감동 개인 분위기 연인 가족 회식 인연 방문 적극 추천 노래 청곡 패드 분과 노래 고백 공격 자주 방문 맛집 식사 수유역이자카야 방문 수유역이자카야 수유역가성비술집 수유리먹자골목맛집 수유이자카야토라 강북구이자카야 이자카야 토라 유점 서울특별시 강북구 노해로 블로그 체크 장소,수유역이자카야 수유역가성비술집 수유리먹자골목맛집 수유이자카야토라 강북구이자카야
89,,갑자기 부대 휴무 결정 수유역 출발 이자카야 토라 유점 서울특별시 강북구 노해로 블로그 체크 장소 이자카야 토라 유점 분위기 스크린 뮤비 노래 주심 연어 사시미 나가사키 해물짬뽕 가성 나가사키 해물짬뽕 부어 점심 회전초밥집 스시 노칸 유점 방문 스시 노칸 유점 서울특별시 강북구 한천로 블로그 체크 장소 모든 접시 가격 점심 카페 상회 상회 로스 터스 수유 서울특별시 강북구 한천로 상회 로스 터스 블로그 체크 장소 커피 원샷 교보 문고 서로 교환 싸인 생각 싸인 빌런 서울특별시 강북구 한천로 블로그 체크 장소 저녁 빌런 칵테일 아일랜드 아이스티 도화 피치 크러쉬 개인 도화 제일 사진 이틀 내내 돼지 내일 다시 운동 시작,
90,수유 이자카야 토라,서울 강북구 노해로 월목 금일 이자카야 토라 유점 서울특별시 강북구 노해로 블로그 체크 장소 친구 추천 방문 이자카야 토라 술집 테바 사키 마늘 후추 기본 양념 추가 가격 친구 쓰랬어 날개 마늘 양념 아주 도리 서비스 아이스크림 고깃집 후식 퍼먹는 아이스크림 바지락 술찜 존맛 버터 매콤 존맛 소주 술술 기본 과자 안주 가격 화장실 노래 소리 커서 수유 술집 수유 토라 이자카야 토라 이자카야 토라 수유 수유맛집 토라 테바 사키 바지락 술찜 토라 맛집 이자카야 맛집 수유이자카야,수유술집 수유토라 이자카야토라 이자카야토라수유 수유맛집 토라 테바사키 바지락술찜 토라맛집 이자카야맛집 수유이자카야
91,서울 수유 방금 신상 가성 이자카야 수유 술집 단체 모임 헌팅 술집 이자카야 토라,원래 운영 달토 요기 발견 술집 이자카야 원래 요런 느낌 대기 수도 손님 위해 난로 대기 내부 예전 테이블 사람 만석 역시 오픈 원래 이자카야 느낌 가격 일식 술집 느낌 가성 사람 내부 인테리어 그냥 전형 프렌 이즈 술집 느낌 오스 주문 가능 소주 가격 물가 축구 경기 축구 티비 여럿 이서 오기 책상 단체 모임 가능 수유 단체 모임 술집 수유이자카야 술집 수유 성비 술집 수유 축구 술집 수유 축구 술집 모츠 차로 나름 사실 간간 가성 모츠 기본 새우 튀김 기름 느낌 가격 토라 오뎅 메뉴 가성 승부 느낌 사실 분위기 전반 일식 가격 오기 오뎅 관계 오늘 요정 에이 커브 기도 하루 이자카야 토라 유점 서울특별시 강북구 노해로 블로그 체크 장소 가성 이자카야 느낌 분위기 사람 장통 이자카야 사람 가지 이자카야 보급 버젼 차로 가기 가성 술집,수유단체모임술집 수유이자카야술집 수유가성비술집 수유축구술집 수유축구볼만한술집
92,수유역이자카야 토라 노미 감자전 굿굿,저번 토요일 한잔 슝슝 리터 하이 하이 한잔 금방 일반 볼보 얼음 노미 감자전 너므맛있슴 샤브 어제 두번째 방문 저번 솔드아웃 실패 저번 감자전 존맛 미아사거리 케이크 주문 링크 네이버 예약 케이크 미아사거리 부근 위치 앙금 플라워 떡케이크 케이크 미아사거리역 미아사거리 방향 직진 건너 숭곡 중학교 골목 정도 숭곡 중학교 위치 카카오 채널 케이크 문의 픽업 스케줄 영업 픽업 주소 서울시 성북구 종암로 하월곡동 좌측 미아사거리역 미아사거리 부근 위치 케이크 도보 차량 미아사거리 오시 차량 오시 일방 통행 이기 때문 아래 사진 쌀찜 즈란 당일 신한 쌀찜제누 냉장 냉동 보관 가능 당일 미아사거리 부근 하월곡동 위치 앙금 플라워 케이크 케이크 밀가루 용돈 케이크 반전 케이크 가능 용돈 케이크 반전 최대 가능 케이크 요즘 용돈 케이크 최근 색깔 별로 레드 숫자 케이크 숫자 케이크 디자인 주의 사항 케이크 최근 숫자 케이크 디자인 색상 예전 디자인 가격 안내 디자인 가격 안내 강북구 하월곡동 미아사거리역 위치 앙금 플라워 떡케이크 케이크 케이크 문의 카카오 채널 케이크 케이크 서울시 성북구 하월곡동 좌측,
93,수유역 이자카야 토라 모츠 판다,용용 선생 이자카야 토라 호랭이 일본말 토라 여기저기 용맹 호랑이 귀신 원래 토끼 술집 차로 홍콩 차로 일본 가기 코스 신상 수유역 술집 진짜 도장 기세 요새 아주 그냥 강북구 가성 이자카야 토라 광고 진짜 안주 가격 남아 정도 가격 대의 안주 눈길 이유 모츠 오케 오늘 이자카야 토라 고고 거임 토라 입구 엘리베이터 타고 매장 부잣집 느낌 주문 방식 메뉴판 찍기 가기 메뉴판 블로거 정신 셀프 칭찬 모츠 매장 분위기 어두컴컴 분위기 조명 음악 소리 노래 선곡 젊은이 만하 알바생 직원 금복주 철길 부산집 마주 보고 건물 건물 이자카야 시선 자리 잡고 시선 처음 두번째 음식 엉망 진창 수유역 이자카야 전쟁 모츠 품절 그냥 고민 대창 두부 부추 시판 육수 텐데 장사 그냥 한참 고민 바지락 술찜 노미 주문 다시 안주 가격 가게 안주 마카로니 과자 소주 한잔 먼저 홀짝 바지락 술찜 가격 생각 파스타 면도 바지락 크기 오동통 조개 안주 해감 때문 이자카야 토라 바지락 술찜 모래 버터 솔솔 국물 안주 먹기 바지락 독사진 세상 이어도 가격 손바닥 오코노미야끼 크기 제법 노른자 토핑 먹음 베니 지랄 한국말 생강 대파 요게 오코노미야끼 오사카 사람 생강 사랑 생강 닥알 노른자 닥알 추가 이자카야 토라 재생 접기 수유역술집 오사카 오코노미야끼 식감 기억 노미 괜츈한데 가격 노른자 닥알 추가 장님 생강 대파 우린 생강 십사 부탁 알바 바지락 이건 추가 주문 꼬치 꼬치 껍데기 꼬치 헤헤 먹기 꼬치 소주 새벽 영업 수유역 술집 모츠 품절 이기만 아주 그냥 이자카야 토라 유점 서울특별시 강북구 노해로 블로그 체크 장소 수유역 이자카야 이자카야 토라 서울시 강북구 노해로,
94,수유역 술집 이자카야 토라 후기,수유역 이자카야 한번 신상 컬렉션 수집 이름 이자카야 토라 이자카야 토라 유점 서울특별시 강북구 노해로 블로그 체크 장소 운영 월화 수목 금토 위치 용용 선생 건물 토라 유점 경우 원래 이자카야 평균 가격 가격 대가 가성 이자카야 컨셉 가성 토라 입구 메뉴 가격 개인 모든 가게 입구 메뉴판 매장 입구 계단 신분증 검사 자리 안내 해주시 입구 메뉴 메뉴 가격 요청 사항 음식 블로그 메뉴 음식 블로그 꼬치 새우 노미 알콜 레몬 하이 감귤 하이 하이 가격 기린 생맥주 용량 가격 종합 전체 가성 이자카야 술집 맛집 동네 마시기 음식점 직원 더욱 이자카야 일본 짬바 유명 이자카야 입장 퀄리티 가격 모든 이해 가능 맥주 홀짝 마시기 꼬치 노미 일본 식이 한국 가격 나베 기름 우러난맛 사골 육수 나베 감자 튀김 무난 무난 가성 이자카야 한잔 가요,
95,쵸코 쵸코,구월 시작 차장 서브웨이 엄마 자꾸 노래방 노래방 재생 노래방 현자 급발진 회사 면접 마감 출근 현자 먹음 도중 현자 언니 오늘 가은 약속 이자카야 토라 유점 서울특별시 강북구 노해로 블로그 체크 장소 수유 토라 오뎅 야끼소바 서비스 코노 갑자기 사가정 마심 인쌩 맥주 짱구 친구 짱구 지호야 현자 교육 집중 현자 원래 아침 먹음 기절 현자 기절 고생 우석 포카 사전 예약 사람 존잘 이상형 부천 밍구 다리 제보 발목 일자 아빠 오전 딸램 픽업 회원 주신 추석 선물 쿸킼 부차 젤리 나눔 그녀 뾰루 발생 현자 마지막 점심 아이파크몰 슈가슈가룬 카페 사진 포기 실용 마그넷 듀크 캔디 현지 필통 딸기 실장 마침 김밥 주심 베테 개봉일 엄빠 개인 정해 안보 시즌 왜냐면 쿠키 저녁 먹음 외식 묵은지 싸가지 김치 돌이 다해핑 동화 서울특별시 종로구 대명 동화 예약 블로그 체크 장소 혜화 진짜 간도 한라산 한라 토닉 조개찜 조개찜 파스타 추가 앞머리 재생 앞머리 앞머리 우린 옌이 합류 압구정 편의점 나베 스타일 아가 빠이 신가 동네 친구 만남 지호야 얼른 양동이 노잼 마무리 노래방 체력 절임 먼저 집감 주말 휴무 오픈 전무 주신 송편 낙원 타코 용산 아이파크몰 서울특별시 용산구 한강대로 용산 아이파크몰 이스트 파크 블로그 체크 장소 낙원 타코 캐릭터 만남 엄마 햅피 추석,
96,,오늘 일기 과거 저번 친구 저번 오픈 가성 일찍 생각 이자카야 토라 유점 서울특별시 강북구 노해로 블로그 체크 장소 무제한 칵테일 메뉴 칵테일 퀄리티 매장 인테리어 기본 안주 오트밀 진짜 도리 둘이서 마지막 하늘색 민트 칵테일 민트 초코 완전 민트 추천 저스트 라운지 수유 사진 동영상 팔로워 팔로잉 게시 저스트 라운지 수유 사진 동영상 보기 맥도날드 어플 쿠폰 발급 알바 간식 햄버거 집들이 어플 은근 쿠폰 가끔 햄버거 쓰기 좋았슘 칭구 카페 홍시 주스 홍시 주스 히히히 어무 염색 오늘 미용사 카톡 기능 안녕 그대 감성 비교 프로그램 취업 강의 카페 소개 서도 이제 학기 근로 신청 토스 행운 카드 아리 보구 행운 가득 노원 와플 가게 딸기 와플 완전 플로레스 테이블 서울특별시 노원구 상계로 동양메이저 상가 블로그 체크 장소 처음 라반 메뉴 도리 증말 마라샹궈 중간 느낌 땅콩 소스 매운 살짝 중화 완전 도리 공기 서비스 후식 롯데리아 소프트 그냥 주신 호점 서울특별시 노원구 상계로 롯데리아 노원 역점 서울특별시 노원구 상계로 블로그 체크 볼펜 진짜 알바 볼펜 여러 진짜 알바 볼펜 알바생 어무니 주신 오렌지 친구 손바닥 껍질 완전 도리 카톡 생일 축하 칭구 아베베 생일 축하 보기 닭강정 보쌈 막국수 초록 이파리 아이스크림 케이크 생일 셀프 사진관 만인 인쇄 오류 사장 전화 연장 연락 완전 의자 머리띠 소품 내부 탈의 공간 오늘 사진관 대학로 서울특별시 종로구 대학로 예약 블로그 체크 장소 저녁 먹기 간식 포장마차 닭꼬치 카페 소금 우유 아이스크림 칭구들 브알 대학로 서울특별시 종로구 대학로 예스 스테이지 브알 예약 블로그 체크 장소 요기 태도 쫀맛 정말 바삭 음식점 수가 쪼구 육회 서비스 메뉴 입가 심용 먹기 치치 대학로 서울특별시 종로구 대학로 블로그 체크 장소 아이스크림 친구 증말 방구 와중 노래방 기부 코인 노래 연습장 서울특별시 종로구 대명 블로그 체크 장소 쿠폰 사이즈 글쎄 캐시 그냥 공짜 사이즈 럭키 비키 현대 흐업 구경 스벅 낫밷 현대 백화점 현대 서울 서울특별시 영등포구 여의대로 현대 서울 예약 블로그 체크 장소 멀리 불빛 등대 선선 바람 마포대교 노래 마포대교 서울특별시 영등포구 여의도동 블로그 체크 장소 홍시 방법 모습 마늘 레이크 싹싹 설빙 하겐다즈 딸기 빙수 미니미 달구 취향 굳이 다시 혜화 소품 구경 눈데 귀요미 사고 진짜 칭구 용용 용용 죠아죠 도리도 리세 버터 깐풍기 증말 칭구 선물 꽃병 컴활 시험 보구 서울역 친구 먹기 카페 가기 콜렉 티보 소금 베이글 피치 얼그레이 리더 궁용 홍대 돈부리 상공회의소 지점 서울특별시 중구 세종 상공회의소 지하 콜렉 티보 그랜드센트럴 서울특별시 중구 세종 그랜드센트럴 콜렉 티보 그랜드센트럴 블로그 체크 다이어리 스티커 활용 진짜 다이소 가격 완전 추천 팝콘 지퍼 형태 남아도 영화 먹기 영화 참고 롯데 시네마 팝콘 이구 캬라멜 가격 기본 캬라멜 호떡 식사 단백질 쉐이크 처음 만난 그대 사랑 알럽휴 요즘 서울시 진짜 캐릭터 우산 도자기 트럼프 카드 일러스트 퀄리티 진짜 도랏맨 사고 요기 디즈니 전시 규모 디테 디즈니 진짜 규어 디테일 차마 굿즈들 종류 티켓 키드 로우 포함 가격 완전 동대문 디자인 플라자 서울특별시 중구 을지로 동대문 디자인 플라자 지엄 서울특별시 중구 을지로 동대문 디자인 플라자 지엄 블로그 체크 노원 가성 소고기 샐러드 파스타 인분 정도 진짜 아이스크림 셀프 커피 셀프 셀프 아포가토 대박 파스타 스테이크 서울특별시 노원구 노해로 민진 빌딩 예약 블로그 체크 장소 보아 목도리 와중 베이글 블루베리 크림 치즈 발라 먹기 알바 간식 브랜드 샐러드 가성 마싰 진짜 추천 어무니 어무니 보고 럼마 리마 노원 역점 서울특별시 노원구 상계로 블로그 체크 장소 오빠 생일 미역국 케이 쿠도 당구 케이크 동물성 크림 확행 베이커리 서울특별시 도봉구 도봉로 블로그 체크 장소 볼로냐 일러스트 화전 볼로냐 지역 대해 서도 알구 여러 동화 일러스트 보구 동화 영상 보구 보구 아트 지엄 서울특별시 광진구 아차산로 롯데 시네마 블로그 체크 장소 백화점 마감 간식 민트 초코 봉봉 간식 이건 진짜 롯데 백화점 건대 스타 시티 서울특별시 광진구 능동 블로그 체크 장소 사진 프레임 비비드 지엄 건대 서울특별시 광진구 동일로 블로그 체크 장소 이제 일기 꾹꾹 기록,
97,뒤죽박죽,이자카야 토라 유점 서울특별시 강북구 노해로 블로그 체크 장소 혜정 육회 존맛 소주 이후 계속 탬포 저년 취함 소주 혜정 사랑 몸무게 최고 와중 소금 요즘 세상 닌텐도 주문 취소 찌발 마리오카트 전기충격기 사랑 중요시 아빠 사람 최고 발음 요즘 아나운서 발음 연습 기미 안보 소하리 원조 두루치기 삼겹 경기도 광명시 일직 효성 해링턴 타워 빌딩 예약 블로그 체크 장소 광명 두루치기 먹고왔슈 두루치기 광명 개존맛 구리 소화 두루치기 운전 감샤합니 염색 태웅 묭실가 블루 블랙 이상은 사람 머리 금발 로즈데이 삼겹살 양념 갈비 굽기 왜케 깝숑 소금쉐끼 규어 간식 서련 데이 오라 자기야 먹쟈 진짜 돼지 사진 충격 충격 소금 달리기 요즘 날씨 그냥 계세 열사병 바이 블로그 일상 일기 맛집,블로그 일상 일기 맛집
98,수유 곱창전골 임실 대국 점심 먹기,순이 김뀨잉입니 친구 점심 동네 맛집 친구 대국 이제 피순대 직접 대서 점심 곱창전골 고온 후기 시작 임실 대국 기본 정보 임실 대국 서울특별시 강북구 노해로 예약 블로그 체크 장소 수유역 화계역 중간 월토 브레이크 타임 일요일 정기 휴무 메뉴 대국 오소리 감투 순대 돼지 곱창 전골 고기 종류 김치 국내 점심 식당 느낌 내부 한시 만석 친구 처음 해도 사람 별루 지금 점심 사실 엄마 직장 엄마 몇번 포장 한국인 소울푸드 대국 메뉴 소문 금방 친구 피순대 서울 피순대 셀프 깍두기 겉절이 포함 고추 양파 마늘 부추 점심 식사 돌입 테이블 들깨 가루 양념 새우젓 김치 깍두기 존맛 일수 내공 곱창전골 볶음밥 국물 순간 공기밥 추가 금방 시작 들깨 가루 왕창 먹기 합의 공기밥 상큼 돼지 피순대 당면 순대 알도 국물 채소 곱창 납작 대박 존맛 녹말 국물 좀더 육수 쫄아 육수 추가 잔뜩 다시 시작 된거 셀프 부추 움큼 퍼다 들깨 추가 한번 친구 대국 국물 돼지 곱창 계속 깃밥 마무리 유리 근방 아마 대국 맛집 동네 대국 이제 곱창전골 가성 친구 소주 모양 우린 점심 테이블 아저씨 소주 대국 수유곱창전골 수유역곱창전골 수유곱창 수유순대국 수유국밥,수유곱창전골 수유역곱창전골 수유곱창 수유순대국 수유국밥
99,수유 곱창전골 임실 대국 서울 피순대,부모님 대국 투어 동네 시장 피순대 홀딱 서울 피순대 투어 변경 돼지 곱창 전골 피순대 지게 임실 대국 위치 우이신설선 화계역 호선 수유역 기준 도보 화계역 수유역 호선 타고 화계역 맛집 수유 곱창전골 임실 대국 메뉴판 돼지 곱창전골 피순대 접시 주문 매장 테이블 개정 혼밥 좌석 혼밥 혼술 손님 계속 순식간 만석 오픈 주방 정말 주방 안쪽 마늘 모습 매일 마장동 시장 돼지 소뼈 공수 메인 메뉴 임실 대국 깍두기 겉절이 완전 도리 어무이 인정 김치 사장 손맛 장난 추가 반찬 셀프 부추 양파 마늘 땡초 깍두기 번은 먹음 돼지 곱창전골 먹기 한양 당면 사리 기본 추가 라면 리나 볶음밥 술국 메뉴 술국 술안주 돼지 곱창전골 손질 돼지 곱창 토종 순대 피순대 오늘 수유 곱창전골 목적 추가 주문 피순대 서울 피순대 찾기 임실 대국 선지 야채 듬뿍 피순대 처음 사람 부담 수유 곱창전골 맛집 임실 대국 재생 수유 곱창전골 맛집 임실 대국 다시 따흐 돼지 곱창전골 뭐해 전골 국물 국물 새우젓 반찬 지금 가안 다이닝 고영 땡초 새우젓 토핑 볶음밥 공기밥 라면 사리 추가 수유 곱창전골 깜짝 공기밥 수저 세상 가득 쫀덕쫀덕 쌀밥 반찬 겉절이 깍두기 라면 사리 육수 육수 고영 반찬 메인 메뉴 공기밥 완벽 자체 주식 대국 수유 곱창전골 맛집 임실 대국 매장 주변 주택가 손님 이유 식후땡 커피 한잔 아부지 마심 수유역 빵빵 기분 다시 피순대 부모님 나중 대국 맛집 인증 임실 대국 서울특별시 강북구 노해로 예약 블로그 체크 장소 수유역 임실 대국 서울 특별시 강북구 노해로 영업 오전 오후 오후 브레이크 타임 일요일 휴무 매장 주차 가능 인수동 공영 주차장 주차 권장,
100,수유순대국 수제 피순대 수유 임실 대국,전라도 수제 피순대 수유 수유맛집 임실 대국 가족 외식 후기 임실 대국 서울특별시 강북구 노해로 화계역 우이신설선 서울특별시 강북구 수유동 블로그 체크 수유동 맛집 임실 대국 수유 화계역 근처 위치 네이버 지도 검색 임실 대국 치면 가게 수유밥집 임실 대국 검색 임실 대국 수유 검색 찾기 쉬움 임실 대국 수유 주소 서울시 강북구 노해로 운영 오전 저녁 휴무 일요일 문의 지하철 화계역 출구 미터 화계역 기점 미터 거리 위치 가게 입구 눈길 수제 피순대 정성껏 직접 문구 신뢰 가게 내부 분위기 벽체 부분 도배지 분위기 반찬 셀프 이용 기본 대국 오소리 대국 가게 벽면 오소리 감투 대해 설명 문후 휴대폰 보지 오소리 감투 유래 대해 보통 순대 국밥집 가면 대국 오소리 감투 라든지 순대 대국 기본 대국 오소리 대국 이득 가게 내부 사이즈 테이블 혼밥 기도 단체 먹기 매우 가게 내부 에어컨 진짜 춥다 에어컨 바람 구석 테이블 상단 기본 후추 들깨 가루 비치 테이블 하단 서랍 수저 통과 냅킨 이용 기본 반찬 셋팅 직접 김치 부추 부추 셀프 추가 셀프 접시 유아 수저 사람 이용 대국 취향 첨가 새우젓 다대기 먼저 전라도 피순대 비주 먹음 피순대 새우젓 매운 고추가 물리 비주 공장 순대 수제 순대 국밥 엄마 딸도 국밥집 기본 국밥 국물 이제 나이 순대 척척 딸내미 이상은 거나 냄새 거나 손님 피순대 처음 먹음 한식 교육 제대로 역시 한식 전라도 음식 아빠 경상도 사람 아빠 매운 새우젓 피순대 매력 와이프 와중 국밥 국밥 부추 듬뿍 사장 부추 진짜 국물 건더기 느낌 고기 진짜 비주 보고 질깃질깃 생각 매우 부드러움 으잉 그동안 대국 대국 내장 순대 대국 오소리 대국 수제 전라도 피순대 임실 대국 수유 재생 접기 수제 전라도 피순대 임실 대국 수유 국밥 피순대 환상 조합 수유순대국 맛집 제대로 국밥 피순대 비주 동영상 확인 순대 순대 국도 장난 피순대 야채 대가 순대 사람 진짜 맛집 뚝배기 매우 먹기 위해 순대 비주 수유국밥 맛집 진짜 오늘 제대로 순대 파티 피순대 매운 고추 김치 셀프 한번 리필 셀프 반찬 부추 와이프 오소리 국밥 와이프 도저히 진짜 수유밥집 피순대 진짜 식감 치즈 사람 진짜 수제 직접 피순대 멀리 전라도 수유 양도 주인 진짜 오픈 한지 진짜 사람 수유동 맛집 순대 국밥 사람 리스트 순대 국밥 도장,
101,수유맛집 국물 대국 피순대 임실 대국,점점 겨울 날씨 요즘 날씨 국물 오늘 수유맛집 이자 병원 근처 대국 맛집 임실 대국 소개 임실 대국 네이버 방문자 리뷰 블로그 리뷰 피순대 국물 일품 주차 길가 주차 임실 대국 위치 서울 강북구 노해로 영업 브레이크 타임 일요일 정기 휴무 전화 화계역 화계역 출구 인수동 자치 회관 오시 수유역 출구 병원 간다 골목 임실 대국 서울특별시 강북구 노해로 예약 블로그 체크 장소 매장 실내 테이블 오픈 방문 식사 분도 계시 점심시간 주변 직장인 테이블 대기 모습 창가 좌석 부담 혼밥 기도 대국 오소리 감투 대한 설명 크게 한번 국내 최상급 돼지 사골 소뼈 직접 고아 우려 멘트 메뉴판 식사 안주 접시 크게 접시 피순대 대창 임실 대국 피순대 가게 정성껏 직접 피순대 고해 피순대 하니 주문 순대 대국 곱창 대국 요기 피순대 주문 테이블 기본 후추 들깨 가루 다대기 새우젓 비치 대국 취향 반찬 깍두기 셀프 깍두기 겉절이 포함 고추 양파 마늘 부추 준비 추가 반찬 셀프 이용 드이어 오늘 주인공 등장 모락모락 대국 피순대 가득 비주 평소 순대 수제 피순대 수제 피순대 순대 소가 입안 사르르 매운 새우젓 고추 한층 업업 술안주 제격 순대 곱창 곱창 대국 국물 곱창 쫄깃 순대 대국 국물 야채 순대 피순대 점심 방문 국물 생각 절로 안나 정말 국물 점심 포장 포장 포장 정말 수유맛집 임실 대국 피순대 전라도 가지 서비스 국물 남녀 노소 돼지 곱창전골 임실 대국 임실 대국 계동 화계역 대국 수유동 순대 맛집 수제 피순대 강북구 대국 맛집 강북구 오소리 감투 강북구 머릿 고기 강북구 대국 맛집 수유동 대국 맛집 수유맛집,임실순대국 임실순대국화계동 화계역순대국 수유동순대맛집 수제피순대 강북구순대국맛집 강북구오소리감투 강북구머릿고기 강북구순대국맛집 수유동순대국맛집 수유맛집
102,수유 곱창전골 맛집 임실 대국 추천,해피 오늘 수유 곱창전골 맛집 임실 대국 대해 소개 매장 곱창전골 정말 한번 추천 임실 대국 위치 서울 강북구 노해로 영업 브레이크 타임 일요일 정기 휴무 전화번호 화계역 출구 도보 정도 수유역 출구 도보 정도 위치 자리 잡고 수유역 위치 자리 잡고 정말 대국 곱창 전골 맛집 이기 방문 외부 사진 보아 정말 먹음 더욱 기대 내부 내부 매장 내부 화장실 식사 내부 때문 식사 석도 준비 혼밥 정말 수유 맛집 인지 저녁 시간대 사람 방문 오소리 감투 정말 오소리 주문 방문 한번 계획 메뉴판 메뉴판 맛집 이기 때문 종류 준비 취향 선택 돼지 곱창전골 대로 사이즈 인원 주문 정말 추가 반찬 셀프 셀프 준비 반찬 비주 보아 정말 맛집 직접 김치 하니 더욱 반찬 테이블 후추 들깨 가루 준비 취향 돼지 곱창 전골 가격 돼지 곱창 전골 사이즈 주문 가격 가격 사이즈 이서 먹기 정말 팽이버섯 크게 듬뿍 식감 고추 국물 정말 국물 살짝 더욱 비주 보이지 비주 보아 수유 곱창 전골 맛집 살짝 돼지 냄새 전혀 수유 곱창전골 맛집 임실 대국 추천 재생 수유 곱창전골 맛집 임실 대국 추천 개인 피순대 피순대 곱창 정말 가성 당면 더욱 곱창 정말 냄새 쫄깃 쫄깃 피순대 경우 때문 추천 피순대 내용물 임실 대국 서울특별시 강북구 노해로 예약 블로그 체크 장소 수유역 화계역 부근 위치 임실 대국 곱창전골 맛집 방문 맛집 이기 저녁 시간대 식사 사람 실제 정말 맛집 수유역 부근 피순대 곱창전골 맛집 임실 적극 추천 수유곱창전골 수유역곱창전골 수유곱창 수유순대국 수유국밥 수유역맛집 추천,수유곱창전골 수유역곱창전골 수유곱창 수유순대국 수유국밥 수유역맛집추천
103,수유 대국 임실 대국 수제 피순대 맛집 육수,임실 대국 서울 강북구 노해로 영업 일요일 정기 휴무 메뉴 오소리 대국 머릿 고기 대국 순대 대국 곱창 대국 술국 돼지 곱창전골 야채 순대 피순대 오소리 감투 임실 대국 서울특별시 강북구 노해로 예약 블로그 체크 장소 린지 입맛 린지 대국 갑자기 피순대 인스타 수유 피순대 라스트 오후 도착 가게 맛집 인스타 홍보 상술 재료 소진 마감 준비 멀리 진짜 아시 근처 피순대 검색 기어 포스팅 소개 드릴 수유 대국 수제 피순대 판매 임실 대국 우이신설선 화계역 가장 지하철 이용 빈도 고려 수유역 돼지 소뼈 육수 사용 내장 마장동 직접 당일 판매 동네 골목길 위치 대국 손님 식사 정도 사이 수유 대국 임실 대국 오소리 감투 오소리 대국 기본 대국 오소리 대국 피순대 주문 오소리 대국 피순대 소주 기본 김치 부추 새우젓 고추가 국밥집 가장 김치 김치 가게 직접 배추김치 매콤한 김장 김치 느낌 수육 추가 반찬 셀프 이용 셀프 통고 추도 매우 주의 요망 피순대 직접 수제 피순대 피순대 당면 일반 순대 채소 고기 선지 버무린 순대 꿀떡 꿀떡 특징 선지 비리 걱정 전혀 소주 수가 오소리 대국 국물 오소리 감투 머릿 고기 순대 오소리 감투 흐물흐물 쫄깃 오소리 감투 대신 후루룩 순대 대국 별로 자고로 대국 순대 다데기 부추 그릇 뚝딱 대국 내용물 마음 피순대 정말 자주 강북 고기 백로 참숯 구이 수유 골목 소고기 맛집 수유 골목 소고기 백로 참숯 구이 지난 근로자 강북 고기 백로 참숯 구이 소고기 수유 장수 마늘 보쌈 보쌈 수제비 흡입 후기 역대 보쌈 맛집 수유 장수 마늘 보쌈 보쌈 수제비 흡입 후기 역대 보쌈 맛집 보쌈 고기 수유역 치킨 오늘 통닭 전통 서울 치킨 돈쭐내러 출연 수유 가성 치킨 수유역 치킨 오늘 통닭 전통 서울 치킨 돈쭐내러 출연 수유 가성 치킨 오늘 통닭 수유 수유역 중식 정아 국물 짬뽕 불맛 가득 짜장 수유 맛집 수유역 중식 정아 국물 짬뽕 불맛 가득 짜장 수유 맛집 수유 맛집 짬뽕 전문점 정아,
104,수유 화계역 임실 대국 피순대 곱창전골 맛집,수유 근처 곱창전골 동네 주민 실비 정도 수유역 화계역 중간 즈음 곱창전골 맛집 요즘 날씨 산책 방문 거리 짝꿍 곱창전골 반주 방문 수유 화계역 임실 대국 소개 매장 정보 위치 영업 예약 주차 임실 대국 서울특별시 강북구 노해로 예약 블로그 체크 장소 영업 매일 오전 오후 일요일 휴무 네이버 예약 포장 가능 주차 불가 인수동 공영 주차장 추천 매장 사진 외부 내부 분위기 인테리어 화계역 처음 동네 맛집 은근 임실 대국 돼지 사골 소뼈 육수 마장동 축산 시장 공수 직접 당일 판매 내장 사용 수유 곱창전골 맛집 임실 대국 저녁 방문 단골 동네 주민 손님 이내 수유 동네 주민 맛집 혼밥 손님 자리 사장 부부 운영 여자 사장 인상 더욱 단골 셀프 반찬 코너 내부 생각 오픈 느낌 물씬 노포 식사 메뉴 정보 일반 대국 메뉴 오소리 감투 대국 피순대 돼지 곱창전골 식사 반주 거나 술안주 해결 감동 포인트 깍두기 겉절이 동네 식당 인공 빨간색 중국산 김치라면 김치 겉절이 느낌 밑반찬 대감 상승 돼지 곱창전골 가성 비도 다대기 양념 들깨 가루 취향 손질 돼지 곱창 버섯 깻잎 넙적당 일반 순대 피순대 곱창전골 처음 국물 스타일 들깨 가루 아주 듬뿍 다대기 스푼 곱창전골 완전 술안주 제대로 처음 수제 피순대 선지국 선지 편이 피순대 피순대 인지 피순대 접시 술안주 테이블 곱창전골 주문 마무리 볶음밥 직접 국물 건더기 미리 자극 볶음밥 싹싹 마무리 곱창전골 술안주 매우 사람 돼지 곱창전골 가게 스타일 달라 취향 방문 재미 개인 스타일 스타일 가지 스타일 번갈아 방문 임실 대국 돼지 곱창전골 스타일 돼지 곱창전골 문자 추천 맛집 매장 여럿 오기 사장 응대 기분 맛집 수유 화계역 인근 곱창전골 맛집 방문,
105,수유맛집 해장 한잔 수유곱창전골 맛집 임실 대국,내장 마장동 축산 시장 직접 당일 판매 피순대 맛집 임실 대국 돼지 사골 소뼈 정성 육수 사용 영업 월토 일요일 휴무 단체 이용 가능 포장 무선 인터넷 임실 대국 서울특별시 강북구 노해로 예약 블로그 체크 장소 화계역 출구 보기 만하 다가 해장 방문 동네 맛집 임실 대국 수유역 출구 오시 화계역 위치 일요일 휴무 오전 사실 당면 시장 분식 스타일 순대 피순대 정말 매력 피순대 동네 매장 슬슬 식사 시작 방문 식사 혼밥 부담 인기 테이블 내부 추가 반찬 부추 김치 접시 김치 댕맛 도리 마음껏 대신 돼지 곱창전골 볶음밥 테이블 수저 젓가락 오프너 티슈 테이블 종이컵 소주잔 들깨 가루 들깨 가루 생각 해피 처음 그냥 김치 돼지 곱창 전골 주문 돼지 곱창 전골 돼지 곱창 전골 깨감 당면 비주 돼지 곱창 전골 시작 돼지 곱창 전골 쪼끔 돼지 곱창 전골 들깨 가루 돼지 곱창 전골 들깨 가루 잔뜩 보이시 돼지 곱창 전골 팔팔 한번 별로 갑자기 돼지 곱창 전골 왐마 순대 장난 보고 대국 돼지 곱창 전골 돼지 곱창 전골 곱창 전혀 크기 커서 돼지 곱창 전골 존맛 도리 돼지 곱창 전골 조만간 대국 공기밥 공기밥 볶음밥 공기 돼지 곱창 전골 공기밥 공기 국물 돼지 곱창 전골 공기밥 돼지 곱창 전골 공기밥 순삭 볶음밥 볶음밥 요건 볶음밥 킨거 볶음밥 가루 금방 볶음밥 먹어보쟈 볶음밥 볶음밥 국물 곱창 그릇 보이시 정도 설거지 김치 한번 리필 수유맛집 해장 한잔 수유곱창전골 맛집 임실 대국 재생 수유맛집 해장 한잔 수유곱창전골 맛집 임실 대국 진짜 화계역 수유역 혼밥 해장국 피순대 대국 맛집 방문 지금 수유곱창전골 맛집 임실 대국 솔직 후기 수유곱창전골 수유역곱창전골 수유곱창 수유순대국 수유국밥 임실 대국 수유맛집 수유 해장국 유해 맛집 수유순대국 맛집 수유 맛집 수유 임실 대국 화계역 맛집 화계역 해장국 화계역 대국 해장 맛집 맛집 화계역 혼밥 수유역 혼밥 업체 제공 작성 개인 가감 작성 리뷰,수유곱창전골 수유역곱창전골 수유곱창 수유순대국 수유국밥 임실순대국 수유맛집 수유해장국 수유해장맛집 수유순대국맛집 수유곱전맛집 수유임실순대국 화계역맛집 화계역해장국 화계역순대국 화계해장맛집 화계맛집 화계역혼밥 수유역혼밥
106,겨울 돼지 곱창전골 수유역곱창전골 임실 대국,갑자기 주말 기준 날씨 급변 이제 정말 겨울 국물 가족 방문 겨울 음식 수유역곱창전골 임실 대국 임실 대국 대국 곱창전골 아주 돼지 곱창전골 마지막 볶음밥 양으로 아주 기본 밑반찬 김치 가지 김치 맛집 역시 김치 아주 도리 저녁 사람 돼지 곱창전골 등장 양도 아주 고추 대파 송송 정말 비쥬 합격 위해 국물 돼지 곱창 전골 수저 돼지 곱창 전골 몸속 한기 사르르 소주 정말 소주 한잔 돼지 곱창전골 접기 겨울 돼지 곱창전골 수유역곱창전골 임실 대국 겨울 돼지 곱창전골 수유역곱창전골 임실 대국 분위기 제대로 영상 클릭 사리면 후루룩 치기 아주 탱탱 쫄깃 전골 사리 곱창 순대 아주 듬뿍 팽이버섯 뇸뇸뇸 아주 녀석 돼지 곱창 전골 국물 정말 감칠맛 순대 호호 불어 입천장 곱창전골 아주 진국 곱창 계속 더더 아주 불로 양도 이서 먹기 김치 먹기 돼지 곱창전골 볶음밥 국물 국물 그릇 국물 돼지 곱창 전골 아주 국물 볶음밥 야채 듬뿍 가루 듬뿍 볶음밥 감자탕 볶음밥 그거 아주 볶음밥 당근 텍스쳐 아주 볶음밥 누룽지 벅벅 아차 김치 아주 환상 역시 완식 겨울 돼지 곱창전골 수유역곱창전골 임실 대국 갑자기 날씨 전골 정말 강추 국물 아주 감칠맛 온몸 한기 사르르 기왕 이면 소주 한잔 겨울 돼지 곱창전골 수유역곱창전골 임실 대국 방문 위해 아래 위치 정보 확인 방문 임실 대국 서울특별시 강북구 노해로 예약 블로그 체크 장소 임실 대국 네이버 방문자 리뷰 블로그 리뷰 수유곱창전골 수유역곱창전골 수유곱창 수유순대국 수유국밥 임실 대국 수유동 대국 수유동 곱창전골 곱창전골 수유곱창전골,수유곱창전골 수유역곱창전골 수유곱창 수유순대국 수유국밥 임실순대국 수유동순대국 수유동곱창전골 곱창전골먹을만한곳 수유곱창전골
107,수유동 화계역 곱창전골 맛집 직접 육수 수제 피순대 임실 대국,선선 계절 한잔 곱창 동반 곱창 계속 곱창 국물 조합 최고 수유동 곱창전골 맛집 임실 대국 주소 서울 강북구 수유동 전화번호 영업 월토 일요일 정기 휴무 매장 주차 가능 메뉴 포장 가능 수유동 화계역 맛집 임실 대국 화계역 수유역 대중교통 방문 주차 매장 정도 근처 인수동 주차장 자리 주차 내부 전경 분위기 수유동 화계역 곱창전골 맛집 임실 대국 재생 접기 수유동 화계역 곱창전골 맛집 임실 대국 수유동 화계역 맛집 임실 대국 내부 오전 오픈 방문 여유 본격 점심시간 손님 역시 오픈 최고 돼지 취급 국밥집 피하 특유 돼지고기 냄새 수도 냄새 전혀 정돈 내부 단체 테이블 비치 서도 여럿 단체 방문 추가 반찬 리필 셀프 앞치마 커피 머신 관리 화장실 이용 메뉴 소개 주문 수유동 화계역 맛집 임실 대국 메뉴 오소리 머리 고기순대 곱창 대국 돼지 곱창전골 술국 오소리 감투 야채 피순대 메뉴 현수막 가족 마음 국내 최상급 돼지 사골 소뼈 직접 아내 조리 문구 내장 마장동 축산 시장 직접 당일 조리 이유 내장 순대 사장 직접 대요 대박 오소리 감투 때문 순대 돼지 부위 오늘 처음 대국 고민 오늘 곱창 곱창전골 때문 곱창 전골 순대 오소리 감투 기약 메뉴 포장 포장 대국 근처 사시 완전 이득 참고 주문 메뉴 돼지 곱창전골 볶음밥 후기 주문 동시 직접 깍두기 배추김치 셀프 부추 고추 양파 마늘 추가 정력 기운 비장 혈압 당뇨 장내 해독 피부 미용 피로 회복 곱창 임실 대국 돼지 곱창전골 수유동 화계역 곱창전골 맛집 임실 대국 재생 접기 수유동 화계역 곱창전골 맛집 임실 대국 재료 보시 진짜 채소 곱창 당면 팽이버섯 고추 깻잎 채소 직접 수제 피순대 음식 냄새 대박 때문 당면 먹기 가능 국물 와우 국물 제대로 진국 고기 육수 들깨 가루 감칠맛 진국 국물 가득 당면 당면 면발 사장 직접 순대 서울 수제 순대 찾기 수유동 당면 순대 차원 돼지 냄새 실화 피순대 선지 재료 식감 순대 그대로 순대 처음 수유 전라도 피순대 이제 진짜 곱창전골 곱창 수유동 화계역 맛집 임실 대국 곱창전골 곱창 대박 곱창 이제껏 곱창전골 곱창 양도 제일 진짜 국물 곱창 곱창 식감 대박 동반 곱창 이유 돼지 냄새 식감 곱창 때문 곱창 동반 먼저 국물 진짜 이야기 사장 세상 곱창 부모님 완전 곱창 한잔 비주 일정 오전 공기밥 볶음밥 변경 동반 국물 볶음밥 대요 국물 역시 양념 추가 해주시 가루 곱창 간만 곱창전골 감동 정말 날씨 점점 국물 계속 곱창전골 대국 오소리 대국 수유역 하계역 대국 맛집 곱창전골 맛집 지체 임실 대국 추천 임실 대국 서울특별시 강북구 노해로 예약 블로그 체크 장소,
108,강북구 대국 임실 대국 국물 순대 찰떡,강북구 위치 임실 대국 대국 머릿 고기 오소리 감투 판매 대국 임실 대국 임실 대국 대국 종류 피순대 머릿고기 머릿 고기 오소리 감투 대국 겉절이 깍두기 부추 고추 반찬 추가 반찬 셀프 정성 진심 다한 현수막 정성 대국 오소리 감투 돼지고기 고급 부위 로서 감투 의미 부위 대국 대국 머릿 고기 오소리 감투 술안주 식사 제격 대국 포장 주류 음료 대국 소주 한잔 대국 소맥 한잔 피순대 소맥 한잔 오소리 감투 대국 머릿 고기 대국 대표 메뉴 가지 가지 테이블 식당 대국 임실 대국 피순대 접시 순대 소가 입안 사르르 대피 껍질 여느 순대 순대 소가 무척 특징 피순대 순대 정말 생각 대국 술안주 일품 임실 대국 재생 접기 임실 대국 강북구 대국 정말 일품 머릿 고기 대국 요거슨 오소리 감투 대국 국물 순대 머릿고기 정말 대국 정말 아주 부추 들깨 가루 정말 대국 일석이조 머릿고기 대국 쫀득 일품 국물 정말 자꾸만 강북구 대국 임실 대국 국물 순대 찰떡 재생 접기 강북구 대국 임실 대국 국물 순대 찰떡 대국 순대 머릿 고기 듬뿍 홀홀 점심 대국 최근 처음 대국 힐링 행복 수유역 화계역 방향 도보 화계역 좀더 임실 대국 랍니 임실 대국 서울특별시 강북구 노해로 예약 블로그 체크 장소 임실 대국 임실 대국 계동 화계역 대국 수유동 순대 맛집 강북구 대국 맛집 강북구 오소리 감투 강북구 머릿 고기 강북구 대국 맛집 수유동 대국 맛집,임실순대국 임실순대국화계동 화계역순대국 수유동순대맛집 강북구순대국맛집 강북구오소리감투 강북구머릿고기 강북구순대국맛집 수유동순대국맛집
109,수유곱창전골 피순대 수유맛집 임실 대국,오늘 점심 국물 임실 대국 방문 모처럼 곱창전골 주문 곱창전골 직접 수제 피순대 대감 안고 역시 수유맛집 임실 대국 서울특별시 강북구 노해로 예약 블로그 체크 장소 가게 정보 주소 서울 강북구 노해로 영업 전화번호 일요일 정기 휴무 주차 불가능 브레이크 타임 호선 수유역 우이 신설역 화계역 중간 위치 임실 대국 웨이팅 점심시간 예약 손님 정말 정신 상황 손님 알뜰살뜰 사장 기분 영상 먼저 보고 수유곱창전골 수유순대국 국밥 수유국밥 국밥 수유곱창 임실 대국 외부 파사드 간판 매장 화분 가득 보기 내부 메뉴판 사람 식사 점심시간 회사원 웨이팅 기본 화장실 내부 셀프 정돈 셀프 마늘 고추 청양고추 부추 깍두기 김치 준비 재료 셀프 비치 바탕 메뉴 메뉴판 종류 판매 오소리 머릿 고기 순대 곱창 가지 오시 손님 첫마디 말씀 기본 종류 돼지 곱창전골 깃밥 주문 사장 세팅 정말 척척 깍두기 정말 점심 수유맛집 임실 대국 가게 직접 수제 피순대 시중 순대 차원 달라 보고 감탄사 육수 고기 직접 인기 피순대 임실 대국 재생 피순대 임실 대국 기본 곱창전골 라면 부추 청양고추 폭탄 부추 청양고추 추가 곱창전골 재생 부추 청양고추 추가 곱창전골 매운 매콤 부부 수유곱창전골 피순대 곱창 고추 정말 피순대 국물 육수 조합 돼지 곱창 고추 송이버섯 부추 적당 순대 피순대 정말 재료 가성 음식 피순대 확대 그릇 국물 들깨 가루 중국 당면 킬러 와이프 기억 국물 싹싹 곱창전골 정말 수유곱창전골 곱창전골 임실 대국 국밥 곱창전골 한번 소주 한잔 직접 피순대 재료 사용 육수 사장 와중 배웅 모습 보고 기분 합리 가격 가성 식사 기회 도움 수유역맛집 최상급 숙성 고기 수유 본점 수유역맛집 고깃집 최상급 황제 꽃목살 삼겹살 꼬들,수유곱창전골 수유순대국 순대국밥 수유국밥 화계국밥 수유곱창 임실순대국
110,수유곱창전골 직접 육수 임실 대국,수유 곱창전골 맛집 소개 바람 국물 영업 매일 전화번호 주소 서울 강북구 노해로 정보 포장 가능 임실 대국 서울특별시 강북구 노해로 예약 블로그 체크 장소 수유곱창전골 임실 대국 주차장 별도 도보 이내 근처 노상 주차 주말 공휴일 무료 개방 무료 이용 수유곱창전골 임실 대국 점심시간 식사 내부 식사 대국 건더기 선택 수유곱창전골 임실 대국 마장동 축산 시장 내장 직접 당일 판매 육수 돼지 사골 소뼈 육수 정말 정성 다해 수가 수유곱창전골 임실 대국 모든 메뉴 포장 대국 포장 하니 참고 테이블 들깨 가루 후추 앞치마 준비 돼지 곱창전골 수유곱창전골 임실 대국 곱창전골 사이즈 정말 당면 대파 고추 팽이버섯 깻잎 토핑되어 반찬 직접 깍두기 김치 김치 겉절이 진짜 추가 반찬 셀프 고추 양파 곱창전골 수제 직접 피순대 곱창 정말 잔뜩 사실 수제비 사리 사장 수제비 현재 육수 국물 진짜 국물 저절로 곱창 기지 완전 쫄깃 곱창전골 처음 계속 당면 당면 납작 당면 더욱 쫄깃 느낌 양도 직접 수제 피순대 개인 피순대 순대 임실 대국 피순대 대박 분명 순대 국도 탄수화물 전골 직접 김치 역시 국물 엄마 곱창전골 곱창 감탄 엄마 국물 육수 직접 수유 임실 대국,
111,수유동 맛집 임실 대국 국물 대국 피순대 조합 오소리 맛집,임실 대국 서울특별시 강북구 노해로 블로그 체크 장소 영업 일요일 정기 휴무 전화번호 이웃 포스팅 발견 마이 레이스 저장 오늘 임실 순대 국도 피순대 마침 낮술 수유역 출구 도보 화계역 출구 도보 거리 주택가 골목 위치 인석 인석 테이블 정도 자리 물컵 소주잔 들깨 가루 후추 수유동 맛집 임실 대국 메뉴판 대국 종류 리머 고기 대만 곱창 안주 돼지 곱창전골 술국 판매 순대 부위 오소리 감투 대한 설명 식감 부위 사진 부추 새우젓 김치 깍두기 기본 반찬 셀프 김치 깍두기 진짜 역시 국밥 김치 수유맛집 임실 대국 오소리 사골 소뼈 육수 자태 소주 한술 살짝 간이 새우젓 추가 들깨 가루 듬뿍 부추 투척 피순대 건더기 가득 국물 합격 국물 해장 아주 피순대 접시 대창 선지 전라도 피순대 임실 대국 전라도 가지 직접 전라도 피순대 수유동 맛집 연기 모락모락 등장 전라도 피순대 매장 직접 수제 피순대 가격 대비 생각 쫄깃 식감 야채 선지 별로 사람 크게 거부 느낌 마장동 축산 시장 내장 직접 당일 판매 오소리 감투 식감 깜짝 정도 다데기 보기 오소리 감투 접시 오소리 오소리 맛집 새우젓 존맛 피순대 개도 접시 술술 쫄깃 식감 부드러움 자꾸 지금 오소리 사장 서도 음식 기분 식사 곱창전골 야채 순대 조합 우려 육수 직접 전라도 피순대 수유동 맛집 임실 대국 수유맛집 수유동 맛집 수유밥집 수유순대국 수유국밥 화계역 밥집 화계역 맛집 수유 혼밥,수유맛집 수유동맛집 수유밥집 수유순대국 수유국밥 화계역밥집 화계역맛집 수유혼밥
112,피순대 수유국밥 임실 대국,수유순대국 수유국밥 수유동 맛집 임실 대국 마늘 젤라 투입 과음 선배 해후 당근 남편 목표 해장 하디 해장 누군가 햄버거 피자 누군가 국밥 보편 해장국 그것 대국 집중 대각 신상 맛집 피순대 만듭니 고민 수유국밥 맛집 임실 대국 소개 해장 최고 수유국밥 맛집 임실 대국 위치 주소 서울 강북구 노해로 수유동 영업 일요일 정기 휴무 전화번호 임실 대국 서울특별시 강북구 노해로 블로그 체크 장소 우이신설선 화계역 출구 도보 거리 위치 해장 소주 먹기 수유국밥 맛집 임실 대국 수유역 출구 병원 다가 골목길 쪼옥 임실 대국 위치 대중교통 접근성 자차 이용 식당 자리 주차 근처 인수동 주차장 주차 해장 최고 수유국밥 맛집 임실 대국 인테리어 역시 수유역 강북구 인근 런가 가격 요즘 도심 대국 만원 중반 서민 위해 시작 대국 가격 거기 다가 피순대 공장 직접 정성껏 하니 수제 피순대 보기 다짐 육수 직접 돼지 사골 소뼈 우려 임실 대국 실내 가족 마음 대국 국물 사장 마음씨 기분 가게 밑반찬 양파 고추 마음껏 셀프 리필바 더욱 해장 최고 수유국밥 맛집 임실 대국 메뉴 요즘 오소리 감투 부속 부위 대국 정말 찾기 직접 손질 판매 셨습 수유국밥 맛집 임실 대국 머릿 고기 대국 오소리 감투 오소리 대국 먹기 돼지 곱창전골 대창 피순대 접시 가성 대국 가성 비도 고민 고민 취향 곱창 대국 머릿 고기 대국 이건 고집 대창 피순대 주문 밑반찬 땡초 깍두기 새우 소스 부추 배추김치 김치 직접 사장 손맛 아주 테이블 새우젓 양념장 다데기 들깨 가루 기호 첨가 아마 전주 어딘가 피순대 비쥬 선지국 가끔 손수 돼지 대창 꾹국 수제 피순대 정말 만인 피순대 수유국밥 임실 대국 재생 피순대 수유국밥 임실 대국 감히 공장 찹쌀 순대 기성품 차원 이건 제품 고급 음식 새우 소스 피순대 대창 쫄깃 전통 음식 자고로 선지 어제 영양가 듬뿍 음식 뚝배기 머릿 고기순대 국도 도착 육수 송송 머릿고기 가득 양도 아주 돼지 소뼈 우려 육수 나름 대국 자부심 선배 임실 대국 국물 번쩍 진심 통합 피순대 수유국밥 임실 대국 재생 피순대 수유국밥 임실 대국 곱창 순대 국도 도착 머릿 고기 대국 국물 버젼 곱창 대국 기본 양념장 포인트 국물 순대 아주 곱창 기지 쫄깃 아주 해장 일품 경상도 정구지 다지 부추 깍두기 대국 국물 해장 피순대 자칫 소주 주문 근처 제대로 대국 맛집 발견 사장 솜씨 정성 자주 오늘 맛집 마늘 젤라 머릿 고기 대국 곱창 대국 피순대 접시 피순대 국밥 국물 가성 만원 내외 국밥 우이신설선 화계역 지하철 호선 수유역 도보 접근성 식당 자리 주차 인수동 주차장 주차 수유맛집 수유동 밥집 수유동 맛집 수유밥집 수유순대국 수유국밥,임실순대국 임실순대국 수유맛집 수유동밥집 수유동맛집 수유밥집 수유순대국 수유국밥
113,가성 수유순대국 맛집 임실 대국,오늘 남편 맛집 투어 완전 대박 수유순대국 맛집 발견 이제 오픈 임실 대국 임실 대국 매일 일요일 정기 휴무 임실 대국 화계역 출구 도보 거리 식당 주차 자리 정도 주차 임실 대국 메뉴 대국 곱창전골 돼지 사골 소뼈 육수 마장동 축산 시장 내장 직접 당일 판매 식당 내부 가족 마음 정성 진심 다한 플랜카드 믿음 식당 오픈 한지 진짜 테이블 정도 에어컨 빵빵 진짜 메뉴판 대만 대국 주문 남편 오소리 대국 주문 대창 피순대 주문 대만 대국 오소리 대국 대창 피순대 먼저 밑반찬 세팅됨 부추 깍두기 새우젓 배추 겉절이 청양고추 부추 깍두기 셀프 추가 반찬 셀프 고추 양파 셀프 메뉴 포장 새우젓 다대기 주심 다대기 테이블 대국 직전 주심 반찬 뭔가 위생 관리 느낌 먼저 수제 피순대 일반 순대 고기순대 피순대 사실 피순대 서울 복판 전라도 레알 피순대 청양고추 새우젓 양념 대창 완전 쫄깃 피순대 고기순대 뭔가 별미 이색 주문 대만 대국 뚝배기 완전 대만 대국 고기순대 피순대 종류 순대 순대 진짜 진짜 고기순대 피순대 최소 가성 대파 송송 기본 맑은 대국 다대기 숟가락 크게 다대기 크게 숟가락 대국 색깔 완전 개짐 청양고추 완전 스타 일임 남편 주문 오소리 대국 오소리 감투 내장 부위 특수 부위 남편 오소리 순대 국도 건더기 완전 오소리 피순대 남편 다대기 숟가락 부추 가득 부추 대국 국물 간이 공기밥 가득 머금 테이블 들깨 가루 개인 취향 대만 대국 고기순대 진짜 밑반찬 조합 깍두기 대국 국물 뚝배기 밑바닥 싹싹 머금 임실 대국 서울특별시 강북구 노해로 블로그 체크 장소 수유순대국 맛집 임실 대국 피순대 임실 대국 피순대 완전 별미 대국 가성 양도 진짜 건더기 사장 식당 대국 가야,
114,수유 국밥 해장 임실 대국,돼지 사골 소뼈 정성 스레 육수 마장동 축산 시장 내장 구입 매장 직접 수유 국밥 임실 대국 서울 피순대 강북구 노해로 점심시간 도착 사진 임실 대국 혼밥 석도 매장 화장실 사용 내부 위치 메뉴판 국류 안주 사리 준비 메뉴 추가 오소리 감투 유래 워낙 부위 서로 모습 감투 별칭 처음 워낙 오소리 감투 수유 국밥 임실 대국 재생 접기 수유 국밥 임실 대국 밑반찬 배추김치 깍두기 부추 새우젓 고추 주문 메뉴 곱창 대국 머릿 고기 피순대 대창 먼저 워낙 곱창 러버 로서 수유 국밥 곱창 곱창 고기 순대 양념장 기본 육수 제공 반주 먹기 제격 처음 머릿 고기 남편 한번 입맛 양념 기본 간이 새우젓 머릿고기 듬뿍 순대 사용 수제 순대 취향 부추 양념장 들깻가루 청양고추 셀프 아주 고기 국물 순대 오소리 보고 예전 전주 처음 보고 홀딱 피순대 이제 서울 전주 초장 새우젓 음식 재료 사용 정도 냄새 개인 김치 별로 겉절이 간간이 먹기 수유 국밥집 임실 대국 겉절이 깍두기 입맛 메뉴 보고 임실 대국 서울특별시 강북구 노해로 블로그 체크 장소,
115,수유 국밥 임실 대국 해장,추석 오늘 정말 대국 추천 수유 대국 진짜 양도 위생 백점만점 신랑 해장 최고 최고 수유 대국 임실 대국 소개 임실 대국 서울특별시 강북구 노해로 예약 블로그 체크 장소 한국 전통 음식 순대 재료 대국 주로 사골 국물 수유 대국 임실 대국 국내 최고 정상 사골 소뼈 국물 우려 완전 진리 대국 포장 셀프 정리 수유 대국 임실 대국 앞치마 이용 수유 순대 국밥 맛집 임실 대국 메뉴 수유 순대 국밥집 임실 순대 국밥 메뉴 오소리 대국 머릿 고기 대국 순대 대국 곱창 대국 신랑 오소리 대국 곱창 대국 곱창 곱창 오소리 감투 내장 부위 부위 부위 오소리 감투 대국 한번 반찬 반찬 장도 정리 사장 위생 신경 부분 신랑 가게 먹기 부분 호감 상승 국물 오소리 오소리 일반 내장 부위 부위 양도 국물 절로 해장 한국 전통 음식 오소리 감투 식감 특징 먹기 국밥 오소리 감투 쫄깃 국물 오소리 감투 느낌 오소리 감투 감칠맛 소금 양념 안해 정도 국물 주문 곱창 대국 뭔가 곱창 전골 비주 뜨근 국물 비주 정말 곱창 나중 다시 곱창 파도 파도 곱창 중간 순대 밥그릇 비주 얼좀 곱창 냄새 안나 완전 날씨 인기 날씨 고추기름 소스 양념장 최고 최고 대국 순대 크기 수유순대국 정말 추천 임실 대국 오늘 수유맛집 수유동 맛집 수유밥집 수유순대국 수유국밥,수유맛집 수유동맛집 수유밥집 수유순대국 수유국밥
116,수유동 맛집 수유국밥 임실 대국 순대 만날,부상 깁스 여름 고생 오늘 소개 수유동 국밥 맛집 친구 고온 임실 대국 임실 대국 서울특별시 강북구 노해로 블로그 체크 장소 영업 일요일 휴무 구름 수유역 화계역 가장 수유역맛집 임실 대국 피순대 직접 고해 피순대 수가 수유역맛집 임실 대국 메뉴 머릿 고기 대국 오소리 대국 피순대 주문 친구 가격 합리 피순대 가격 정말 친구 겉절이 맛집 라며 겉절이 김치 진짜 국밥 역시 김치 다시 한번 깍두기 파라 깍두기 기대 깍두기 진짜 깍두기 역시 국밥 매콤한 고추 시구 양념 새우젓 피순대 아주 도리 가게 아주 가족 단위 손님 사장 아주 오소리 감투 내장 부위 스토리 오소리 감투 국내 최상급 사골 소뼈 직접 하니 맛집 가족 마음 조리 진짜 사장 따님 친구 식사 추가 반찬 셀프 셀프 코너 반찬 때깔 보고 동동 친구 피순대 보고 이마 이건 진짜 대박 워낙 러버 직접 피순대 정말 야채 듬뿍 피순대 정말 재료 비리 양념 새우젓 아주 피순대 보시 추천 국밥 이열치열 겨울 국밥 여름 국밥 시죵 피순대 중간 건더기 대박 국밥 피순대 조각 통통 자체 피순대 보시 주문 건더기 대박 안질 기고 있죵 건더기 먼지 아시죵 국물 맛있죵 새우젓 다대기 국물 파라 새우젓 부추 친구 남편 결혼 거기 국밥 사투리 숟가락 고기 국물 사장 가게 장님 성격 음식 수유역 순대 국밥집 임실 대국 맛집 추천,
117,수유동 맛집 임실 대국 전주 직접 피순대 맛집,임실 대국 위치 서울 강북구 노해로 영업 월토 일요일 정기 휴무 단체 이용 가능 포장 가능 화장실 실내 남녀 공용 임실 대국 서울특별시 강북구 노해로 블로그 체크 장소 임실 대국 육수 돼지 소뼈 매일 정성 육수 내장 마장동 축산 시장 직접 당일 판매 대국 곱창전골 생각 나시 네이버 지도 임실 대국 주말 술땜 해장 다시 시작 임실 대국 외관 근처 정류장 가게 외관 지하철역 화계역 수유역 출구 무진장 도착 수제 피순대 곱창전골 내부 화장실 가게 내부 화장실 정보 포장 내부 자체 화장실 실내 연결 가면 단독 화장실 메뉴 가격 할인 정보 이벤트 확인 대국 주류 곱창전골 보기 오소리 감투 접시 오소리 대국 머릿 고기 대국 피순대 소주 주문 메뉴 기본 서비스 셀프 부추 겉절이 깍두기 겉절이 당일 때문 식감 감칠맛 난리 가지 소스 청양고추 듬뿍 오소리 대국 국밥 일반 토종 순대 피순대 참고 달라 피순대 순대 소주 비도 이건 동네 워터파크 주말 머릿 고기 대국 고기 진짜 대충 퍼먹어 가락 가득 개인 오소리 머릿 고기 짝꿍 세상 도리 피순대 원래 전주 전주 쫄깃 그득 술친구 주신 청양고추 새우젓 극락 육수 다시 센스 다대기 마무리 서울 피순대 전주 그대로 수유역 임실 대국 추천 수유역맛집 수유동 맛집 번동 맛집 수유역밥집 화계역 맛집 수유맛집 수유밥집 수유순대국 수유국밥 강북구 맛집 피순대 맛집 서울 피순대 도봉구맛집 회계 맛집 번동 맛집 우이동 맛집 강북구 대국 미아 맛집,수유역맛집 수유동맛집 번동맛집 수유역밥집 수유맛집 수유밥집 수유순대국 수유국밥 강북구맛집 피순대맛집 서울피순대 도봉구맛집 회계맛집 번동맛집 우이동맛집 강북구순대국 미아맛집
118,수유맛집 직접 일품 육수 수제 피순대 임실 대국,수유맛집 직접 일품 육수 수제 피순대 임실 대국 주소 서울 강북구 노해로 영업 월토 일요일 정기 휴무 전화번호 편의 시설 단체 이용 가능 포장 무선 인터넷 수유맛집 직접 일품 육수 수제 피순대 임실 대국 화계역 출구 인수동 자치 회관 직진 임실 대국 가게 수유역 출구 병원 오신 골목길 임실 대국 가게 다방면 접근성 정말 수유맛집 일요일 휴무 수유맛집 직접 일품 육수 수제 피순대 임실 대국 방문 이유 평소 대국 국밥 정말 수유순대국 가게 직접 수제 피순대 직접 육수 고기 때문 전라도 피순대 동네 정말 기대 임실 대국 국밥집 포장 주문 더욱 수유맛집 직접 일품 육수 수제 피순대 임실 대국 돼지 사골 소뼈 육수 내장 마장동 축산 시장 직접 당일 판매 수유맛집 직접 일품 육수 수제 피순대 임실 대국 기대 사장 정성껏 직접 만드심 수제 피순대 저녁 방문 수유맛집 직접 일품 육수 수제 피순대 임실 대국 손님 매장 내부 일부 모습 수유순대국 맛집 손님 계속 수유맛집 직접 일품 육수 수제 피순대 임실 대국 메뉴판 테이블 기본 세팅 오소리 감투 대한 내용 한쪽 앞치마 구비 처음 기본 반찬 사장 추가 반찬 셀프 셀프 머릿 고기 대국 순대 대국 피순대 가지 메뉴 주문 주문 수유맛집 직접 일품 육수 수제 피순대 임실 대국 사장 밑반찬 식탁 주문 피순대 먼저 피순대 비주 압도 보이 근접샷 더욱 사장 땅콩 어쩐지 더욱 땅콩 절대 피순대 피순대 머릿 고기 대국 수저 대충 고기 정말 여태 대국 고기 매우 더욱 먹기 위해 새우젓 투하 순대 대국 국밥집 가도 순대 내장 순대 달라 요청 수유맛집 직접 일품 육수 수제 피순대 임실 대국 메뉴 자체 순대 국밥 마음 부추 우수수 다대기 더욱 순대 대국 국밥 수제 피순대 진짜 접시 더욱 수유맛집 직접 일품 육수 수제 피순대 임실 대국 재생 접기 수유맛집 직접 일품 육수 수제 피순대 임실 대국 국밥 임실 대국 수유맛집 직접 일품 육수 수제 피순대 임실 대국 영상 마무리 임실 대국 서울특별시 강북구 노해로 블로그 체크 장소,
119,수유맛집 머릿 고기순대 곱창 대국 임실 대국,수유 진짜 대국 오늘 해장 어제 솔로 맥주 임실 대국 주소 서울 강북구 노해로 영업 월토 일요일 정기 휴무 전화번호 가게 주차 수유맛집 임실 대국 육수 돼지 사골 소뼈 육수 내장 마장동 축산 시장 직접 당일 판매 대요 임실 대국 오소리 감투 대요 사용 내장 부위 돼지 찾기 오소리 누가 모습 벼슬 감투 별칭 부위 오소리 감투 유래 셀프 추가 반찬 셀프 매장 정말 화장실 내부 대국 네가지 오소리 대국 머릿 고기 대국 순대 대국 곱창 대국 특사 이즈 순대 대국 야채 순대 피순대 취향 시스템 평소 머릿고기 로롱 아빠 머릿 고기 머릿 고기 대국 곱창 곱창 대국 주문 기본 셋팅입니 진짜 매운 청양고추 부추 깍두기 겉절이 새우젓 다대기 들깨 가루 기호 새우젓 다대기 들깨 가루 추가 양념 세트 머릿 고기순대 곱창 대국 머릿 고기 대국 머릿 고기 오소리 감투 듬뿍 맑은 국물 진짜 청양고추 부추 새우젓 들깨 가루 곱창 대국 돼지 곱창 진짜 지경 순대 미리 국물 진짜 최고 곱창 안나 마장동 직접 당일 사용 임실 대국 부추 잔뜩 부추 깍두기 세번 리필 필요 국물 진짜 임실 대국 임실 대국 서울특별시 강북구 노해로 블로그 체크 장소 수유맛집 수유동 맛집 수유밥집 수유순대국 수유국밥 곱창 대국 머릿 고기순대 오소리 감투,수유맛집 수유동맛집 수유밥집 수유순대국 수유국밥 곱창순대국 머릿고기순대국 오소리감투
120,임실 대국 수유 국밥 피순대 맛집,한참 여름 대국 보통 에어컨 바람 여름 국물 느낌 나이 여자친구 추천 내부 자리 사람 손님 슬슬 막걸리 드링킹 낮술 느낌 가게 상이 새우 젓갈 다대기 냉장고 관리 정말 깔꼼 메뉴 오소리 대국 순대 대국 오소리 감투 돼지 돼지 곱창 안나 건더기 진짜 오소리 돼지고기 피순대 야채 대가 거도 순대 대국 피순대 야채 대만 처음 정석 사람 여간 여자친구 손바닥 임실 대국 서울특별시 강북구 노해로 블로그 체크 장소,
121,먹방 수유 순대 국밥집 수제 피순대 맛집 임실 대국,참외 봉진 음식 정말 진심 음식 원래 오늘 발굴 맛집 수유 임실 대국 월토 정기 휴무 단체 이용 가능 포장 무선 인터넷 임실 대국 서울특별시 강북구 노해로 블로그 체크 장소 우이신설선 화계역 가까이 임실 대국 매장 외부 방문 사람 저녁 포장 주문 피순대 대국 보통 노포 위생 가끔 포기 메뉴 대국 오소리 감투 야채 순대 피순대 접시 메뉴 안주 곱창전골 술국 수가 주문 기본 깍두기 센스 청양고추 김치 겉절이 부추 들깨 가루 거도 감동 포인트 다대기 새우젓 냉장고 오늘 목적 막걸리 근본 막걸리 대국 대만 대국 주문 순대 대국 야채 순대 피순대 뜨끈뜨근하 피순대 대박 대박 피순대 전주 여행 야채 대도 진짜 오소리 대국 오소리 감투 쫄깃 고소 오소리 대국 피순대 다대기 다대기 필수 다대기 대국 맛집 피순대 임실 대국 서울특별시 강북구 노해로 블로그 체크 장소,순댓국 순댓국맛집 임실순대국 순대만순대국 오소리순대국
122,수유 대국 임실 대국 수제 피순대 국밥 수유동 맛집,국밥 한국인 대국 정말 정도 수제 피순대 국밥 수유동 맛집 수유 대국 임실 대국 소개 매장 정보 임실 대국 서울 강북구 노해로 일요일 휴무 단체 포장 가능 주차 매장 가능 인수동 주차장 수유역 병원 골목 인수동 자치 회관 건너편 수유 피순대 매장 직접 내부 테이블 인석 기준 정도 열한시 도착 벌써 국밥 그릇 혼밥 기도 수유 대국 맛집 겉절이 깍두기 부추 셀프 관리 포장 대요 양도 어마 무시 그것 진심 메뉴 식사 대국 피순대 야채 순대 안주 돼지 곱창전골 판매 계세 대국 피순대 오소리 대국 머릿 고기 대국 피순대 가지 주문 기본 차림 겉절이 깍두기 부추 양념 새우젓 청양고추 다대기 새우젓 들깨 가루 대국 필수 양념 수유 대국 대표 메뉴 피순대 먼저 국밥집 최고 국밥 마주 오소리 머릿 고기 대국 건더기 대박 국물 간이 아주 살짝 상태 폭발 매장 직접 소뼈 돼지 고아 사용 대국 당면 대가 피순대 야채 대만 어린이 대충 아기 숟가락 포크 본격 국밥 제조 부추 청양고추 다대기 들깨 가루 새우젓 어제 진짜 거짓말 보태 대국 제일 국밥 취향 워낙 제각각 기준 수도 국밥 제법 군데 모든 취향 머릿고기 두께 지도 존맛 남편 회사 생기 웨이 때문 점심시간 극찬 깍두기 겉절이 별로 겉절이 정말 깍두기 완벽 잡채 피순대 전주 여행 피순대 연상 청양고추 새우젓 먹기 도감 순대 부드러움 순대 대창 식감 수유 대국 임실 대국 수제 피순대 국밥 수유동 맛집 재생 접기 수유 대국 임실 대국 수제 피순대 국밥 수유동 맛집 분명 국밥 화수분 당황 순대 수제 피순대 국밥 수유동 맛집 수유 대국 임실 대국 먹방 위치 정도 크게 번창 식당 사장 아주 음식 정말 진심 오신 곱창전골 보고 국밥집 임실 대국 서울특별시 강북구 노해로 블로그 체크 장소 수유맛집 수유동 맛집 수유밥집 수유순대국 수유국밥 피순대 맛집 수유 피순대 수유곱창전골 수유 안주 맛집 수유순대국 맛집,수유맛집 수유동맛집 수유밥집 수유순대국 수유국밥 피순대맛집 수유피순대 수유곱창전골 수유안주맛집 수유순대국맛집
123,유화 대국 맛집 추천 임실 대국,오늘 수유 대국 맛집 임실 대국 후기 오픈 한지 사람 리뷰 수유 대국 맛집 임실 대국 임실 치즈 생각 원래 전라도 순대 국도 장님 전주 전주 대국 맛집 수유로 장님 수유 임실 대국 맛집 정말 인테리어 장점 체인 불구 식당 고민 식당 애착 가지 수유 대국 맛집 임실 대국 영업 월요일 토요일 오전 오후 일요일 휴무 임실 대국 대국 특유 꼬릿 냄새 냄새 솔솔 위치 수유역 화계역 사이 골목 병원 수유순대국 맛집 임실 대국 메뉴 대국 보통 대국 고기만 순대 그냥 대국 그냥 고기랑 순대 대국 곱창 순대 국도 돼지 곱창전골 접시 대국 그릇 막걸리 접시 토종 순대 대박 부분 먼저 토종 대가 진짜 도리 분식집 순대 차원 임실 대국 서울특별시 강북구 노해로 블로그 체크 장소 막걸리 전통 화계역 근처 북한 수유순대국 맛집 임실 대국 장님 육수 직접 고기 직접 마장동 축산 시장 배달 매일 매일 어쩐지 항상 오픈 일찍 장님 대국 수유순대국 맛집 임실 대국 제일 특장점 오소리 감투 정말 가끔 대국 도대체 내장 내장 경우 수유순대국 맛집 임실 대국 오소리 감투 염통 순대 구성 오소리 감투 부위 대국 러버 라면 아시 들깨 스푼 다데기 스푼 새우젓 스푼 수저 국물 진짜 임실 대국 대국 김치 기도 일품 수유순대국 맛집 소면 포인트 말기 소면 으루 후루룩 공기 자체 고기 진짜 오소리 감투 후루룩 수유순대국 맛집 임실 대국 순대 당면 대가 토종 순대 진짜 됸맛탱 포스팅 추가 반찬 셀프 대도 깨끗 깍두기 김치 진짜 도랏맨 수유순대국 맛집 대국 한번 임실 대국 후기 완뚝 기본 화계역 대국 맛집 수유역 대국 맛집 정성 음식 진심 장사 조만간 뚝배기 총총,
